game_id,team,season,week,total_epa,success_rate,total_yards,total_plays,pass_plays,rush_plays,touchdowns,interceptions,fumbles_lost,epa_per_play,yards_per_play
2024_01_ARI_BUF,ARI,2024,1,10.728375,0.4473684,272.0,76,38.0,22.0,3.0,0.0,1.0,0.14116283466941432,3.5789473684210527
2024_01_ARI_BUF,BUF,2024,1,15.308595,0.6125,352.0,81,32.0,28.0,4.0,0.0,1.0,0.18899499634165823,4.345679012345679
2024_01_BAL_KC,BAL,2024,1,1.9756055,0.55789477,452.0,96,58.0,22.0,2.0,0.0,1.0,0.020579223831494648,4.708333333333333
2024_01_BAL_KC,KC,2024,1,8.692867,0.47142857,353.0,70,33.0,20.0,3.0,1.0,0.0,0.12418381827218192,5.042857142857143
2024_01_CAR_NO,CAR,2024,1,-29.23609,0.3846154,193.0,79,42.0,17.0,1.0,2.0,2.0,-0.3700770848914038,2.4430379746835444
2024_01_CAR_NO,NO,2024,1,15.9332285,0.49382716,379.0,81,28.0,38.0,5.0,0.0,0.0,0.19670652460168908,4.679012345679013
2024_01_DAL_CLE,CLE,2024,1,-23.939781,0.29591838,230.0,98,60.0,16.0,3.0,2.0,0.0,-0.24428348152004942,2.3469387755102042
2024_01_DAL_CLE,DAL,2024,1,-3.1750245,0.41666666,265.0,85,36.0,26.0,2.0,0.0,0.0,-0.037353229522705075,3.1176470588235294
2024_01_DEN_SEA,DEN,2024,1,-12.368575,0.37634408,231.0,93,49.0,20.0,1.0,2.0,2.0,-0.13299543114118678,2.4838709677419355
2024_01_DEN_SEA,SEA,2024,1,-4.0472393,0.47058824,304.0,86,35.0,29.0,3.0,1.0,0.0,-0.04706092213475427,3.5348837209302326
2024_01_GB_PHI,GB,2024,1,7.785741,0.47058824,414.0,86,42.0,25.0,3.0,1.0,0.0,0.09053187037623206,4.813953488372093
2024_01_GB_PHI,PHI,2024,1,9.840618,0.5263158,410.0,95,40.0,35.0,4.0,2.0,1.0,0.10358545403731496,4.315789473684211
2024_01_HOU_IND,HOU,2024,1,12.251594,0.5104167,417.0,97,40.0,37.0,3.0,0.0,0.0,0.126305088554461,4.298969072164948
2024_01_HOU_IND,IND,2024,1,5.585914,0.5423729,303.0,59,25.0,20.0,4.0,1.0,0.0,0.09467651076236014,5.135593220338983
2024_01_JAX_MIA,JAX,2024,1,-3.0061493,0.43055555,267.0,72,27.0,26.0,2.0,0.0,1.0,-0.04175207349989149,3.7083333333333335
2024_01_JAX_MIA,MIA,2024,1,-0.53424335,0.43529412,400.0,86,45.0,26.0,2.0,0.0,0.0,-0.006212131921635117,4.651162790697675
2024_01_LA_DET,DET,2024,1,7.2814655,0.55128205,363.0,79,31.0,30.0,3.0,1.0,0.0,0.09217044975184187,4.594936708860759
2024_01_LA_DET,LA,2024,1,4.918031,0.49462366,387.0,93,53.0,25.0,2.0,1.0,0.0,0.05288205608244865,4.161290322580645
2024_01_LV_LAC,LAC,2024,1,-9.605863,0.36363637,316.0,78,29.0,25.0,2.0,0.0,0.0,-0.12315208483964969,4.051282051282051
2024_01_LV_LAC,LV,2024,1,-23.12459,0.3918919,296.0,74,41.0,19.0,1.0,1.0,2.0,-0.3124944583789722,4.0
2024_01_MIN_NYG,MIN,2024,1,6.3244405,0.46268657,312.0,68,28.0,26.0,3.0,1.0,1.0,0.09300647763644948,4.588235294117647
2024_01_MIN_NYG,NYG,2024,1,-20.879284,0.38202247,240.0,89,51.0,19.0,1.0,2.0,0.0,-0.23459869556212692,2.696629213483146
2024_01_NE_CIN,CIN,2024,1,-2.342688,0.4918033,224.0,61,38.0,13.0,1.0,0.0,1.0,-0.03840472268276527,3.6721311475409837
2024_01_NE_CIN,NE,2024,1,6.299955,0.49382716,290.0,82,29.0,32.0,1.0,0.0,1.0,0.0768287181854248,3.5365853658536586
2024_01_NYJ_SF,NYJ,2024,1,-0.16778803,0.484375,266.0,64,32.0,18.0,3.0,1.0,1.0,-0.002621687948703766,4.15625
2024_01_NYJ_SF,SF,2024,1,15.303345,0.5,401.0,89,35.0,36.0,2.0,0.0,0.0,0.17194769355688203,4.50561797752809
2024_01_PIT_ATL,ATL,2024,1,-16.767752,0.47826087,226.0,70,32.0,23.0,1.0,2.0,1.0,-0.2395393099103655,3.2285714285714286
2024_01_PIT_ATL,PIT,2024,1,-3.4066808,0.42857143,270.0,84,32.0,36.0,0.0,0.0,0.0,-0.04055572407586234,3.2142857142857144
2024_01_TEN_CHI,CHI,2024,1,-15.090009,0.41333333,150.0,76,35.0,19.0,0.0,0.0,1.0,-0.1985527465217992,1.9736842105263157
2024_01_TEN_CHI,TEN,2024,1,-23.097483,0.39759037,244.0,83,39.0,25.0,4.0,2.0,1.0,-0.2782829238707761,2.9397590361445785
2024_01_WAS_TB,TB,2024,1,22.109118,0.5555556,392.0,82,36.0,25.0,4.0,0.0,0.0,0.2696233842431045,4.780487804878049
2024_01_WAS_TB,WAS,2024,1,3.8232217,0.5,299.0,74,36.0,22.0,3.0,0.0,0.0,0.05166515788516483,4.04054054054054
2024_02_ATL_PHI,ATL,2024,2,10.18787,0.5068493,385.0,74,34.0,25.0,2.0,0.0,0.0,0.13767391926533468,5.202702702702703
2024_02_ATL_PHI,PHI,2024,2,7.6222973,0.47674417,367.0,86,38.0,33.0,2.0,1.0,0.0,0.08863136380217797,4.267441860465116
2024_02_BUF_MIA,BUF,2024,2,6.7989063,0.41666666,247.0,61,20.0,22.0,3.0,0.0,0.0,0.11145748075891714,4.049180327868853
2024_02_BUF_MIA,MIA,2024,2,-20.961727,0.47191012,351.0,89,44.0,32.0,2.0,3.0,0.0,-0.23552502407116838,3.943820224719101
2024_02_CHI_HOU,CHI,2024,2,-11.688451,0.4,205.0,90,52.0,18.0,1.0,2.0,0.0,-0.12987167570326064,2.2777777777777777
2024_02_CHI_HOU,HOU,2024,2,-5.0288997,0.3902439,310.0,83,40.0,21.0,1.0,0.0,1.0,-0.06058915264635201,3.7349397590361444
2024_02_CIN_KC,CIN,2024,2,4.4495,0.5185185,320.0,81,44.0,20.0,3.0,0.0,1.0,0.054932099801522714,3.950617283950617
2024_02_CIN_KC,KC,2024,2,-0.4846294,0.53846157,286.0,79,37.0,28.0,2.0,2.0,1.0,-0.006134549273720271,3.6202531645569622
2024_02_CLE_JAX,CLE,2024,2,4.2126513,0.4431818,297.0,88,42.0,30.0,1.0,0.0,0.0,0.04787103696302934,3.375
2024_02_CLE_JAX,JAX,2024,2,-2.5553744,0.45945945,323.0,75,40.0,19.0,1.0,0.0,0.0,-0.03407165845235189,4.306666666666667
2024_02_IND_GB,GB,2024,2,0.07800081,0.39759037,383.0,84,19.0,51.0,1.0,0.0,1.0,0.0009285811157453628,4.559523809523809
2024_02_IND_GB,IND,2024,2,-6.761298,0.46376812,338.0,69,38.0,17.0,1.0,3.0,0.0,-0.09798982869023862,4.898550724637682
2024_02_LAC_CAR,CAR,2024,2,-24.913067,0.30769232,159.0,65,31.0,17.0,0.0,1.0,0.0,-0.3832779517540565,2.4461538461538463
2024_02_LAC_CAR,LAC,2024,2,4.3937016,0.5125,349.0,81,24.0,42.0,3.0,1.0,1.0,0.0542432290536386,4.308641975308642
2024_02_LA_ARI,ARI,2024,2,25.732183,0.5875,489.0,80,27.0,39.0,5.0,0.0,1.0,0.32165229320526123,6.1125
2024_02_LA_ARI,LA,2024,2,-9.51961,0.530303,245.0,67,32.0,20.0,1.0,0.0,1.0,-0.142083737387586,3.656716417910448
2024_02_LV_BAL,BAL,2024,2,-3.0371466,0.45454547,358.0,89,38.0,25.0,2.0,1.0,0.0,-0.03412524234043079,4.022471910112359
2024_02_LV_BAL,LV,2024,2,2.38122,0.49367088,260.0,79,46.0,16.0,2.0,1.0,0.0,0.030142026611521273,3.2911392405063293
2024_02_NO_DAL,DAL,2024,2,-6.45326,0.4597701,353.0,87,49.0,20.0,1.0,2.0,0.0,-0.07417540166569853,4.057471264367816
2024_02_NO_DAL,NO,2024,2,24.301178,0.5972222,432.0,73,19.0,37.0,6.0,1.0,0.0,0.332892849020762,5.917808219178082
2024_02_NYG_WAS,NYG,2024,2,6.110142,0.45588234,304.0,68,33.0,23.0,3.0,0.0,1.0,0.08985503280864042,4.470588235294118
2024_02_NYG_WAS,WAS,2024,2,11.82465,0.47191012,425.0,90,41.0,29.0,0.0,0.0,0.0,0.13138499789767796,4.722222222222222
2024_02_NYJ_TEN,NYJ,2024,2,6.4045777,0.45945945,265.0,75,34.0,22.0,3.0,0.0,0.0,0.08539436976114909,3.533333333333333
2024_02_NYJ_TEN,TEN,2024,2,-5.312185,0.4625,300.0,80,38.0,28.0,2.0,1.0,1.0,-0.06640231013298034,3.75
2024_02_PIT_DEN,DEN,2024,2,-9.117475,0.4473684,295.0,77,44.0,17.0,0.0,2.0,0.0,-0.11840876046713296,3.831168831168831
2024_02_PIT_DEN,PIT,2024,2,-0.7749721,0.37804878,251.0,82,33.0,33.0,1.0,0.0,0.0,-0.00945087903883399,3.0609756097560976
2024_02_SEA_NE,NE,2024,2,2.2807128,0.4883721,310.0,87,33.0,35.0,2.0,0.0,0.0,0.026215090148750394,3.5632183908045976
2024_02_SEA_NE,SEA,2024,2,5.331903,0.52873564,358.0,87,51.0,17.0,2.0,0.0,0.0,0.06128624115867176,4.114942528735632
2024_02_SF_MIN,MIN,2024,2,-3.639125,0.5294118,403.0,69,31.0,20.0,2.0,1.0,1.0,-0.05274094360462134,5.840579710144928
2024_02_SF_MIN,SF,2024,2,-11.309824,0.49411765,396.0,85,44.0,26.0,2.0,1.0,1.0,-0.1330567528219784,4.658823529411765
2024_02_TB_DET,DET,2024,2,-8.158046,0.45,463.0,100,58.0,26.0,1.0,2.0,0.0,-0.08158045768737793,4.63
2024_02_TB_DET,TB,2024,2,-1.1802707,0.46031746,216.0,64,28.0,19.0,2.0,1.0,0.0,-0.018441729247570038,3.375
2024_03_BAL_DAL,BAL,2024,3,10.145622,0.4691358,456.0,82,18.0,43.0,4.0,0.0,0.0,0.12372710065143865,5.560975609756097
2024_03_BAL_DAL,DAL,2024,3,6.100405,0.41237113,412.0,97,64.0,16.0,3.0,0.0,1.0,0.06289077542491794,4.247422680412371
2024_03_CAR_LV,CAR,2024,3,15.014189,0.5217391,437.0,93,43.0,29.0,4.0,0.0,0.0,0.16144288996214506,4.698924731182796
2024_03_CAR_LV,LV,2024,3,-6.0397267,0.525,333.0,80,49.0,15.0,3.0,1.0,0.0,-0.07549658417701721,4.1625
2024_03_CHI_IND,CHI,2024,3,-12.905305,0.39423078,395.0,104,60.0,29.0,2.0,2.0,1.0,-0.12408947027646579,3.798076923076923
2024_03_CHI_IND,IND,2024,3,-8.920434,0.4027778,306.0,73,23.0,30.0,3.0,2.0,0.0,-0.12219772600147823,4.191780821917808
2024_03_DEN_TB,DEN,2024,3,7.2311225,0.56790125,352.0,81,43.0,24.0,2.0,0.0,1.0,0.08927311720671477,4.345679012345679
2024_03_DEN_TB,TB,2024,3,-18.755836,0.4857143,223.0,71,41.0,16.0,1.0,1.0,1.0,-0.2641667110819212,3.140845070422535
2024_03_DET_ARI,ARI,2024,3,-9.797624,0.4722222,277.0,72,42.0,17.0,1.0,1.0,0.0,-0.1360781060324775,3.8472222222222223
2024_03_DET_ARI,DET,2024,3,-0.62349117,0.5294118,373.0,86,26.0,40.0,3.0,1.0,0.0,-0.007249897302583207,4.337209302325581
2024_03_GB_TEN,GB,2024,3,5.0609446,0.4074074,378.0,81,26.0,37.0,2.0,0.0,0.0,0.062480797002344955,4.666666666666667
2024_03_GB_TEN,TEN,2024,3,-16.828178,0.5,237.0,69,45.0,9.0,3.0,2.0,1.0,-0.24388664356176404,3.4347826086956523
2024_03_HOU_MIN,HOU,2024,3,-22.524845,0.3372093,296.0,86,55.0,11.0,1.0,2.0,0.0,-0.26191680375919785,3.441860465116279
2024_03_HOU_MIN,MIN,2024,3,9.474586,0.49367088,274.0,80,35.0,27.0,4.0,0.0,0.0,0.11843231916427613,3.425
2024_03_JAX_BUF,BUF,2024,3,26.637735,0.54545456,388.0,78,39.0,24.0,6.0,0.0,0.0,0.3415094277797601,4.9743589743589745
2024_03_JAX_BUF,JAX,2024,3,-14.4728565,0.42696628,239.0,89,53.0,18.0,1.0,1.0,1.0,-0.16261636541130836,2.6853932584269664
2024_03_KC_ATL,ATL,2024,3,-0.4800172,0.46052632,311.0,76,36.0,24.0,2.0,1.0,0.0,-0.006316015594883969,4.092105263157895
2024_03_KC_ATL,KC,2024,3,7.4595885,0.57471263,345.0,88,42.0,29.0,2.0,1.0,0.0,0.08476805145090277,3.9204545454545454
2024_03_LAC_PIT,LAC,2024,3,-7.1214767,0.41935483,166.0,62,26.0,20.0,1.0,0.0,0.0,-0.11486252661674254,2.6774193548387095
2024_03_LAC_PIT,PIT,2024,3,3.9453735,0.49382716,346.0,82,37.0,29.0,2.0,1.0,0.0,0.04811431140434451,4.219512195121951
2024_03_MIA_SEA,MIA,2024,3,-28.91107,0.32911393,205.0,79,42.0,19.0,0.0,0.0,0.0,-0.36596290974677365,2.5949367088607596
2024_03_MIA_SEA,SEA,2024,3,-5.6263485,0.4177215,370.0,80,38.0,24.0,3.0,2.0,0.0,-0.07032935619354248,4.625
2024_03_NE_NYJ,NE,2024,3,-13.873465,0.42857143,139.0,64,39.0,13.0,0.0,0.0,1.0,-0.2167728841304779,2.171875
2024_03_NE_NYJ,NYJ,2024,3,10.344914,0.5232558,400.0,86,43.0,30.0,3.0,0.0,0.0,0.12028970274814339,4.651162790697675
2024_03_NYG_CLE,CLE,2024,3,-20.636223,0.4390244,219.0,82,51.0,15.0,2.0,0.0,2.0,-0.25166125413848134,2.6707317073170733
2024_03_NYG_CLE,NYG,2024,3,-13.0617695,0.43333334,340.0,91,41.0,27.0,3.0,0.0,2.0,-0.14353592841179816,3.7362637362637363
2024_03_PHI_NO,NO,2024,3,-10.608101,0.3529412,219.0,68,28.0,27.0,1.0,1.0,0.0,-0.15600148369284236,3.2205882352941178
2024_03_PHI_NO,PHI,2024,3,-8.120209,0.38554215,462.0,84,46.0,22.0,2.0,1.0,1.0,-0.09666915166945685,5.5
2024_03_SF_LA,LA,2024,3,11.780796,0.5,296.0,74,33.0,26.0,3.0,0.0,0.0,0.15919994663547826,4.0
2024_03_SF_LA,SF,2024,3,11.641344,0.5176471,425.0,86,43.0,28.0,3.0,0.0,1.0,0.1353644659352857,4.941860465116279
2024_03_WAS_CIN,CIN,2024,3,23.119942,0.58441556,436.0,77,43.0,19.0,4.0,0.0,0.0,0.3002589832652699,5.662337662337662
2024_03_WAS_CIN,WAS,2024,3,31.934063,0.6,356.0,76,30.0,26.0,5.0,0.0,0.0,0.42018503891794307,4.684210526315789
2024_04_BUF_BAL,BAL,2024,4,15.000053,0.5416667,427.0,72,21.0,36.0,5.0,0.0,1.0,0.20833407508002388,5.930555555555555
2024_04_BUF_BAL,BUF,2024,4,-11.26462,0.39473686,236.0,77,39.0,20.0,1.0,0.0,1.0,-0.14629376399052607,3.064935064935065
2024_04_CIN_CAR,CAR,2024,4,3.8285701,0.52873564,375.0,88,44.0,26.0,3.0,1.0,0.0,0.04350647872144526,4.261363636363637
2024_04_CIN_CAR,CIN,2024,4,16.654522,0.4939759,373.0,83,36.0,31.0,4.0,1.0,0.0,0.20065689086914062,4.493975903614458
2024_04_CLE_LV,CLE,2024,4,-8.299759,0.39726028,241.0,73,44.0,15.0,1.0,1.0,0.0,-0.11369532754976455,3.3013698630136985
2024_04_CLE_LV,LV,2024,4,-5.610138,0.44,268.0,76,29.0,28.0,3.0,0.0,1.0,-0.07381760446648848,3.526315789473684
2024_04_DAL_NYG,DAL,2024,4,7.7885675,0.52112675,293.0,72,32.0,23.0,2.0,0.0,0.0,0.10817454920874701,4.069444444444445
2024_04_DAL_NYG,NYG,2024,4,1.5188854,0.42168674,303.0,83,44.0,23.0,0.0,1.0,0.0,0.018299823783966433,3.6506024096385543
2024_04_DEN_NYJ,DEN,2024,4,-17.949747,0.36842105,186.0,77,29.0,30.0,1.0,0.0,1.0,-0.23311359851391283,2.4155844155844157
2024_04_DEN_NYJ,NYJ,2024,4,-20.94286,0.34736842,248.0,95,54.0,20.0,0.0,0.0,1.0,-0.22045115420692846,2.610526315789474
2024_04_JAX_HOU,HOU,2024,4,8.952231,0.48351648,435.0,91,51.0,24.0,3.0,0.0,0.0,0.09837616930951129,4.78021978021978
2024_04_JAX_HOU,JAX,2024,4,8.680794,0.46052632,313.0,77,35.0,22.0,2.0,0.0,1.0,0.11273758132736404,4.064935064935065
2024_04_KC_LAC,KC,2024,4,-7.809657,0.46666667,329.0,76,37.0,22.0,2.0,1.0,1.0,-0.10275864601135254,4.328947368421052
2024_04_KC_LAC,LAC,2024,4,-16.519495,0.32,224.0,75,30.0,26.0,1.0,0.0,0.0,-0.2202599334716797,2.986666666666667
2024_04_LA_CHI,CHI,2024,4,4.4520116,0.525641,264.0,79,32.0,26.0,3.0,0.0,0.0,0.05635457702829868,3.3417721518987342
2024_04_LA_CHI,LA,2024,4,3.2882292,0.5263158,322.0,76,35.0,25.0,1.0,1.0,1.0,0.04326617404034263,4.2368421052631575
2024_04_MIN_GB,GB,2024,4,-6.821779,0.4623656,467.0,93,58.0,18.0,4.0,3.0,2.0,-0.07335245993829542,5.021505376344086
2024_04_MIN_GB,MIN,2024,4,0.045793355,0.5,374.0,89,36.0,29.0,4.0,1.0,1.0,0.0005145320731602358,4.202247191011236
2024_04_NE_SF,NE,2024,4,-21.219826,0.43209878,213.0,81,40.0,24.0,2.0,1.0,2.0,-0.2619731573410976,2.6296296296296298
2024_04_NE_SF,SF,2024,4,-1.6241758,0.43421054,431.0,77,31.0,31.0,2.0,1.0,1.0,-0.021093192038598,5.597402597402597
2024_04_NO_ATL,ATL,2024,4,6.123123,0.42465752,315.0,73,40.0,16.0,1.0,1.0,1.0,0.08387839957459332,4.315068493150685
2024_04_NO_ATL,NO,2024,4,4.338807,0.51648355,366.0,92,41.0,33.0,4.0,1.0,0.0,0.0471609468045442,3.9782608695652173
2024_04_PHI_TB,PHI,2024,4,-2.4658477,0.4861111,227.0,72,38.0,18.0,2.0,0.0,1.0,-0.03424788514773051,3.1527777777777777
2024_04_PHI_TB,TB,2024,4,17.762373,0.5106383,445.0,95,52.0,24.0,4.0,0.0,1.0,0.18697234705874793,4.684210526315789
2024_04_PIT_IND,IND,2024,4,1.9923437,0.45783132,358.0,84,35.0,30.0,3.0,0.0,0.0,0.023718376954396565,4.261904761904762
2024_04_PIT_IND,PIT,2024,4,-1.5737203,0.5176471,404.0,85,43.0,26.0,3.0,0.0,2.0,-0.018514356893651624,4.752941176470588
2024_04_SEA_DET,DET,2024,4,22.561499,0.5735294,389.0,69,24.0,26.0,6.0,0.0,0.0,0.3269782411879387,5.63768115942029
2024_04_SEA_DET,SEA,2024,4,8.623463,0.5233645,516.0,107,73.0,17.0,4.0,1.0,1.0,0.08059310913085938,4.822429906542056
2024_04_TEN_MIA,MIA,2024,4,-20.162298,0.36,184.0,76,31.0,29.0,1.0,0.0,1.0,-0.26529339740150853,2.4210526315789473
2024_04_TEN_MIA,TEN,2024,4,3.6129403,0.41860464,244.0,86,24.0,40.0,2.0,1.0,0.0,0.04201093385385912,2.8372093023255816
2024_04_WAS_ARI,ARI,2024,4,-4.3555803,0.5138889,296.0,73,28.0,31.0,2.0,0.0,1.0,-0.059665483971164654,4.054794520547945
2024_04_WAS_ARI,WAS,2024,4,31.402477,0.60714287,451.0,84,39.0,32.0,5.0,1.0,0.0,0.3738390150524321,5.369047619047619
2024_05_ARI_SF,ARI,2024,5,1.3577085,0.5,360.0,75,33.0,23.0,3.0,1.0,0.0,0.018102779388427734,4.8
2024_05_ARI_SF,SF,2024,5,-3.5161273,0.48051947,384.0,77,41.0,23.0,1.0,2.0,1.0,-0.0456639915317684,4.987012987012987
2024_05_BAL_CIN,BAL,2024,5,23.896288,0.58947366,520.0,95,48.0,29.0,5.0,0.0,1.0,0.2515398728220086,5.473684210526316
2024_05_BAL_CIN,CIN,2024,5,17.410017,0.4945055,444.0,92,44.0,23.0,5.0,1.0,0.0,0.18923931536467178,4.826086956521739
2024_05_BUF_HOU,BUF,2024,5,-2.0794501,0.36585367,276.0,82,35.0,26.0,2.0,0.0,0.0,-0.0253591479324713,3.3658536585365852
2024_05_BUF_HOU,HOU,2024,5,-2.268404,0.44047618,425.0,85,42.0,26.0,2.0,1.0,1.0,-0.026687105964211855,5.0
2024_05_CAR_CHI,CAR,2024,5,-14.799824,0.42105263,292.0,76,42.0,17.0,1.0,1.0,2.0,-0.19473452317087273,3.8421052631578947
2024_05_CAR_CHI,CHI,2024,5,12.281241,0.4494382,424.0,90,39.0,32.0,5.0,0.0,0.0,0.1364582379659017,4.711111111111111
2024_05_CLE_WAS,CLE,2024,5,-16.377625,0.37209302,212.0,87,41.0,21.0,1.0,0.0,1.0,-0.18824855760596265,2.4367816091954024
2024_05_CLE_WAS,WAS,2024,5,3.9479,0.3902439,434.0,82,37.0,29.0,4.0,1.0,1.0,0.04814512264437792,5.2926829268292686
2024_05_DAL_PIT,DAL,2024,5,9.011911,0.49462366,445.0,93,46.0,30.0,2.0,2.0,1.0,0.0969022730345367,4.78494623655914
2024_05_DAL_PIT,PIT,2024,5,2.4153993,0.5064935,226.0,78,32.0,26.0,2.0,0.0,1.0,0.030966657858628493,2.8974358974358974
2024_05_GB_LA,GB,2024,5,0.5094086,0.44155845,328.0,78,30.0,27.0,4.0,1.0,0.0,0.006530879399715326,4.205128205128205
2024_05_GB_LA,LA,2024,5,-6.751165,0.53846157,370.0,91,49.0,29.0,2.0,1.0,1.0,-0.07418862541953286,4.065934065934066
2024_05_IND_JAX,IND,2024,5,15.954333,0.5,447.0,93,51.0,18.0,4.0,0.0,1.0,0.17155197102536437,4.806451612903226
2024_05_IND_JAX,JAX,2024,5,17.859783,0.5263158,497.0,76,35.0,23.0,4.0,1.0,1.0,0.2349971470079924,6.5394736842105265
2024_05_LV_DEN,DEN,2024,5,2.7088196,0.47058824,289.0,86,33.0,24.0,3.0,0.0,0.0,0.0314979026483935,3.36046511627907
2024_05_LV_DEN,LV,2024,5,-14.747894,0.4,332.0,85,46.0,24.0,3.0,3.0,0.0,-0.173504638671875,3.9058823529411764
2024_05_MIA_NE,MIA,2024,5,-4.2246346,0.4065934,372.0,91,39.0,40.0,1.0,1.0,1.0,-0.04642455656449873,4.087912087912088
2024_05_MIA_NE,NE,2024,5,-13.16101,0.4125,299.0,81,40.0,19.0,1.0,0.0,0.0,-0.16248160232732325,3.691358024691358
2024_05_NO_KC,KC,2024,5,9.1451,0.5670103,460.0,98,47.0,34.0,2.0,1.0,0.0,0.09331734326420998,4.6938775510204085
2024_05_NO_KC,NO,2024,5,-5.960792,0.3768116,220.0,69,39.0,14.0,2.0,1.0,0.0,-0.08638829079227171,3.1884057971014492
2024_05_NYG_SEA,NYG,2024,5,-0.66975904,0.5,420.0,87,39.0,31.0,3.0,0.0,1.0,-0.00769837971391349,4.827586206896552
2024_05_NYG_SEA,SEA,2024,5,-13.678444,0.5125,333.0,80,51.0,7.0,2.0,0.0,1.0,-0.17098054885864258,4.1625
2024_05_NYJ_MIN,MIN,2024,5,-6.5188813,0.4347826,253.0,93,43.0,28.0,1.0,1.0,1.0,-0.0700954980747674,2.7204301075268815
2024_05_NYJ_MIN,NYJ,2024,5,-14.571164,0.45555556,254.0,90,58.0,14.0,3.0,3.0,0.0,-0.16190182367960612,2.8222222222222224
2024_05_TB_ATL,ATL,2024,5,15.318331,0.5045872,550.0,110,65.0,20.0,4.0,1.0,0.0,0.1392575524070046,5.0
2024_05_TB_ATL,TB,2024,5,13.531084,0.5522388,333.0,67,31.0,21.0,3.0,0.0,1.0,0.20195647851744694,4.970149253731344
2024_06_ARI_GB,ARI,2024,6,-9.793678,0.49333334,303.0,75,39.0,19.0,1.0,0.0,3.0,-0.1305823771158854,4.04
2024_06_ARI_GB,GB,2024,6,14.326773,0.53846157,437.0,92,37.0,34.0,4.0,1.0,0.0,0.1557257901067319,4.75
2024_06_ATL_CAR,ATL,2024,6,16.517708,0.5365854,425.0,83,31.0,35.0,4.0,0.0,1.0,0.19900852800851845,5.120481927710843
2024_06_ATL_CAR,CAR,2024,6,-7.566344,0.45348838,335.0,86,44.0,22.0,2.0,2.0,0.0,-0.08798074167828228,3.895348837209302
2024_06_BUF_NYJ,BUF,2024,6,10.997968,0.5116279,359.0,87,37.0,28.0,3.0,0.0,0.0,0.12641342206933032,4.126436781609195
2024_06_BUF_NYJ,NYJ,2024,6,5.8578825,0.443038,393.0,79,41.0,22.0,2.0,1.0,0.0,0.07415041138854207,4.974683544303797
2024_06_CIN_NYG,CIN,2024,6,1.1346625,0.46153846,304.0,66,34.0,17.0,2.0,0.0,1.0,0.017191856196432403,4.606060606060606
2024_06_CIN_NYG,NYG,2024,6,-12.041786,0.47252747,309.0,91,48.0,28.0,1.0,1.0,0.0,-0.13232732081151272,3.3956043956043955
2024_06_CLE_PHI,CLE,2024,6,-5.2748666,0.42105263,244.0,76,33.0,24.0,0.0,0.0,0.0,-0.06940613922319915,3.210526315789474
2024_06_CLE_PHI,PHI,2024,6,-0.963416,0.4556962,372.0,80,26.0,32.0,3.0,0.0,0.0,-0.012042699754238129,4.65
2024_06_DET_DAL,DAL,2024,6,-23.331955,0.43529412,251.0,85,53.0,16.0,0.0,3.0,2.0,-0.27449358771829047,2.9529411764705884
2024_06_DET_DAL,DET,2024,6,25.58249,0.5058824,492.0,86,34.0,32.0,5.0,0.0,0.0,0.29747082466302915,5.72093023255814
2024_06_HOU_NE,HOU,2024,6,9.609067,0.44047618,368.0,84,39.0,26.0,5.0,1.0,0.0,0.11439365432375953,4.380952380952381
2024_06_HOU_NE,NE,2024,6,-19.03553,0.45348838,291.0,87,45.0,21.0,3.0,2.0,2.0,-0.21879919644059806,3.3448275862068964
2024_06_IND_TEN,IND,2024,6,1.982416,0.42857143,269.0,84,43.0,27.0,2.0,1.0,0.0,0.02360019087791443,3.2023809523809526
2024_06_IND_TEN,TEN,2024,6,-2.246876,0.40789473,241.0,77,32.0,26.0,2.0,1.0,0.0,-0.029180207809844573,3.1298701298701297
2024_06_JAX_CHI,CHI,2024,6,21.362812,0.5443038,373.0,80,39.0,24.0,5.0,1.0,0.0,0.2670351505279541,4.6625
2024_06_JAX_CHI,JAX,2024,6,0.9593628,0.43589744,278.0,78,44.0,17.0,2.0,1.0,1.0,0.012299523139611268,3.5641025641025643
2024_06_LAC_DEN,DEN,2024,6,-3.433754,0.49295774,316.0,71,44.0,12.0,2.0,1.0,1.0,-0.04836273193359375,4.450704225352113
2024_06_LAC_DEN,LAC,2024,6,8.299783,0.4631579,350.0,96,41.0,34.0,2.0,0.0,0.0,0.08645607034365337,3.6458333333333335
2024_06_PIT_LV,LV,2024,6,-20.750244,0.46753246,275.0,77,44.0,19.0,2.0,1.0,2.0,-0.269483690137987,3.5714285714285716
2024_06_PIT_LV,PIT,2024,6,6.965217,0.44578314,293.0,84,35.0,30.0,3.0,0.0,0.0,0.08291925135112944,3.488095238095238
2024_06_SF_SEA,SEA,2024,6,2.8220491,0.45360824,358.0,97,57.0,20.0,3.0,2.0,1.0,0.029093290112682225,3.6907216494845363
2024_06_SF_SEA,SF,2024,6,21.118288,0.5243902,483.0,83,33.0,31.0,4.0,0.0,0.0,0.2544372053031462,5.819277108433735
2024_06_TB_NO,NO,2024,6,-23.397587,0.45652175,303.0,93,51.0,19.0,3.0,2.0,1.0,-0.2515869550807502,3.2580645161290325
2024_06_TB_NO,TB,2024,6,6.9630423,0.53608245,594.0,97,44.0,32.0,7.0,3.0,0.0,0.07178394081666298,6.123711340206185
2024_06_WAS_BAL,BAL,2024,6,15.36186,0.5421687,484.0,84,33.0,33.0,3.0,1.0,0.0,0.18287928899129233,5.761904761904762
2024_06_WAS_BAL,WAS,2024,6,11.207775,0.51282054,305.0,78,44.0,15.0,2.0,0.0,0.0,0.1436894245636769,3.91025641025641
2024_07_BAL_TB,BAL,2024,7,22.291262,0.5263158,508.0,76,29.0,30.0,5.0,0.0,1.0,0.2933060746443899,6.684210526315789
2024_07_BAL_TB,TB,2024,7,8.762241,0.5252525,483.0,100,56.0,25.0,4.0,2.0,0.0,0.0876224136352539,4.83
2024_07_CAR_WAS,CAR,2024,7,-19.18478,0.4516129,180.0,62,21.0,21.0,2.0,2.0,0.0,-0.3094319374330582,2.903225806451613
2024_07_CAR_WAS,WAS,2024,7,18.518621,0.5833333,421.0,85,32.0,35.0,3.0,0.0,0.0,0.2178661346435547,4.952941176470588
2024_07_CIN_CLE,CIN,2024,7,-7.5135484,0.369863,223.0,74,29.0,22.0,3.0,0.0,0.0,-0.1015344374888652,3.0135135135135136
2024_07_CIN_CLE,CLE,2024,7,-18.359346,0.35714287,338.0,98,61.0,22.0,2.0,2.0,0.0,-0.18734026928337252,3.4489795918367347
2024_07_DEN_NO,DEN,2024,7,5.284816,0.54320985,389.0,82,36.0,27.0,2.0,0.0,1.0,0.06444897302767126,4.7439024390243905
2024_07_DEN_NO,NO,2024,7,-25.461899,0.4090909,271.0,88,52.0,17.0,2.0,0.0,2.0,-0.28933975913307886,3.0795454545454546
2024_07_DET_MIN,DET,2024,7,3.3361564,0.47435898,391.0,78,29.0,27.0,5.0,0.0,1.0,0.042771235490456604,5.012820512820513
2024_07_DET_MIN,MIN,2024,7,0.60748863,0.38157895,383.0,77,42.0,17.0,2.0,1.0,0.0,0.007889462755872058,4.974025974025974
2024_07_HOU_GB,GB,2024,7,2.2718225,0.48,277.0,76,38.0,20.0,3.0,2.0,0.0,0.029892400691383762,3.6447368421052633
2024_07_HOU_GB,HOU,2024,7,3.166605,0.48101267,197.0,79,32.0,31.0,2.0,0.0,1.0,0.040083607540854924,2.4936708860759493
2024_07_KC_SF,KC,2024,7,4.452687,0.54761904,329.0,85,33.0,35.0,4.0,2.0,0.0,0.05238455043119543,3.8705882352941177
2024_07_KC_SF,SF,2024,7,-8.42715,0.49333334,310.0,75,42.0,21.0,2.0,3.0,0.0,-0.11236199696858724,4.133333333333334
2024_07_LAC_ARI,ARI,2024,7,6.0274873,0.5205479,326.0,74,31.0,24.0,2.0,1.0,1.0,0.08145253078357594,4.405405405405405
2024_07_LAC_ARI,LAC,2024,7,8.275148,0.4871795,395.0,78,45.0,20.0,0.0,0.0,1.0,0.10609164604773888,5.064102564102564
2024_07_LV_LA,LA,2024,7,-23.078371,0.43661973,259.0,72,26.0,27.0,2.0,1.0,0.0,-0.320532931221856,3.5972222222222223
2024_07_LV_LA,LV,2024,7,-25.158964,0.3814433,317.0,97,48.0,31.0,1.0,3.0,1.0,-0.25937076450623187,3.268041237113402
2024_07_MIA_IND,IND,2024,7,-12.49303,0.3875,284.0,81,30.0,31.0,1.0,0.0,1.0,-0.15423493326446155,3.506172839506173
2024_07_MIA_IND,MIA,2024,7,-19.20604,0.44705883,337.0,85,32.0,36.0,1.0,0.0,2.0,-0.2259534050436581,3.9647058823529413
2024_07_NE_JAX,JAX,2024,7,16.729668,0.56164384,366.0,73,23.0,38.0,3.0,0.0,0.0,0.229173529638003,5.013698630136986
2024_07_NE_JAX,NE,2024,7,-1.5100701,0.41558442,295.0,78,46.0,14.0,3.0,0.0,0.0,-0.019359872891352728,3.782051282051282
2024_07_NYJ_PIT,NYJ,2024,7,-8.998409,0.44,325.0,76,41.0,16.0,2.0,2.0,0.0,-0.11840012199000309,4.276315789473684
2024_07_NYJ_PIT,PIT,2024,7,14.810285,0.45238096,409.0,84,33.0,35.0,4.0,0.0,0.0,0.17631291207813082,4.869047619047619
2024_07_PHI_NYG,NYG,2024,7,-19.97048,0.3974359,119.0,79,42.0,15.0,0.0,0.0,0.0,-0.2527908856355691,1.5063291139240507
2024_07_PHI_NYG,PHI,2024,7,10.954745,0.44578314,339.0,83,23.0,42.0,4.0,0.0,0.0,0.13198488304413944,4.0843373493975905
2024_07_SEA_ATL,ATL,2024,7,-12.906993,0.48913044,369.0,93,41.0,31.0,3.0,2.0,1.0,-0.13878487002465031,3.967741935483871
2024_07_SEA_ATL,SEA,2024,7,13.139586,0.45454547,339.0,77,36.0,24.0,3.0,0.0,0.0,0.1706439798528498,4.402597402597403
2024_07_TEN_BUF,BUF,2024,7,11.932941,0.49295774,389.0,71,35.0,20.0,4.0,0.0,0.0,0.1680695977009518,5.47887323943662
2024_07_TEN_BUF,TEN,2024,7,-13.592577,0.42857143,289.0,92,46.0,26.0,1.0,1.0,1.0,-0.1477454019629437,3.141304347826087
2024_08_ARI_MIA,ARI,2024,8,18.458496,0.5301205,389.0,83,39.0,26.0,3.0,0.0,0.0,0.22239151920180722,4.686746987951807
2024_08_ARI_MIA,MIA,2024,8,15.527996,0.53846157,377.0,79,41.0,24.0,3.0,0.0,0.0,0.19655691219281546,4.772151898734177
2024_08_ATL_TB,ATL,2024,8,12.059269,0.57894737,394.0,76,33.0,29.0,4.0,0.0,0.0,0.15867459146600021,5.184210526315789
2024_08_ATL_TB,TB,2024,8,3.7002342,0.50549453,432.0,92,52.0,20.0,3.0,2.0,1.0,0.04021993668183037,4.695652173913044
2024_08_BAL_CLE,BAL,2024,8,4.7251887,0.48863637,387.0,88,46.0,20.0,3.0,0.0,0.0,0.05369532650167292,4.3977272727272725
2024_08_BAL_CLE,CLE,2024,8,10.076286,0.5176471,401.0,86,45.0,24.0,3.0,0.0,1.0,0.11716611995253452,4.662790697674419
2024_08_BUF_SEA,BUF,2024,8,17.530153,0.5268817,445.0,94,41.0,32.0,4.0,1.0,1.0,0.1864909922822993,4.73404255319149
2024_08_BUF_SEA,SEA,2024,8,-6.737788,0.4852941,233.0,68,36.0,14.0,1.0,1.0,0.0,-0.09908512059380026,3.426470588235294
2024_08_CAR_DEN,CAR,2024,8,-9.565125,0.44871795,284.0,78,44.0,18.0,2.0,2.0,0.0,-0.12262981365888546,3.641025641025641
2024_08_CAR_DEN,DEN,2024,8,5.112147,0.47674417,400.0,87,42.0,30.0,4.0,0.0,2.0,0.05876030867127167,4.597701149425287
2024_08_CHI_WAS,CHI,2024,8,-6.529847,0.43209878,309.0,81,35.0,28.0,2.0,0.0,1.0,-0.0806153968528465,3.814814814814815
2024_08_CHI_WAS,WAS,2024,8,-0.51586485,0.41758242,481.0,92,48.0,26.0,1.0,0.0,0.0,-0.005607226620549741,5.228260869565218
2024_08_DAL_SF,DAL,2024,8,2.0318532,0.4691358,292.0,81,43.0,18.0,3.0,2.0,0.0,0.025084607395125025,3.6049382716049383
2024_08_DAL_SF,SF,2024,8,9.058846,0.52380955,469.0,85,34.0,33.0,3.0,0.0,0.0,0.1065746643963982,5.517647058823529
2024_08_GB_JAX,GB,2024,8,11.830662,0.4888889,422.0,90,32.0,35.0,3.0,1.0,0.0,0.13145179748535157,4.688888888888889
2024_08_GB_JAX,JAX,2024,8,4.7958107,0.5064935,390.0,78,35.0,22.0,3.0,1.0,1.0,0.06148475255721655,5.0
2024_08_IND_HOU,HOU,2024,8,-1.6428436,0.45054945,363.0,92,41.0,30.0,2.0,0.0,1.0,-0.017856995696606842,3.9456521739130435
2024_08_IND_HOU,IND,2024,8,-2.840682,0.3529412,303.0,85,39.0,23.0,2.0,1.0,1.0,-0.03341978858498966,3.5647058823529414
2024_08_KC_LV,KC,2024,8,6.1378975,0.5294118,334.0,86,43.0,25.0,3.0,1.0,0.0,0.07137090106343114,3.883720930232558
2024_08_KC_LV,LV,2024,8,-3.1048744,0.5,228.0,74,36.0,19.0,2.0,0.0,1.0,-0.04195776179030135,3.081081081081081
2024_08_MIN_LA,LA,2024,8,13.320152,0.5,386.0,91,39.0,29.0,4.0,1.0,0.0,0.14637529981005323,4.241758241758242
2024_08_MIN_LA,MIN,2024,8,6.0792255,0.4923077,276.0,65,29.0,20.0,2.0,0.0,0.0,0.09352654677170974,4.246153846153846
2024_08_NO_LAC,LAC,2024,8,3.4387698,0.3809524,378.0,84,41.0,25.0,3.0,0.0,0.0,0.040937735920860654,4.5
2024_08_NO_LAC,NO,2024,8,-19.108393,0.37634408,366.0,94,52.0,21.0,0.0,0.0,0.0,-0.20328077356866064,3.893617021276596
2024_08_NYG_PIT,NYG,2024,8,-2.5276442,0.4347826,394.0,92,47.0,25.0,2.0,1.0,1.0,-0.02747439301532248,4.282608695652174
2024_08_NYG_PIT,PIT,2024,8,4.307193,0.5,426.0,85,33.0,30.0,1.0,0.0,1.0,0.05067285649916705,5.011764705882353
2024_08_NYJ_NE,NE,2024,8,1.169611,0.46341464,250.0,82,39.0,28.0,3.0,0.0,0.0,0.014263548502107946,3.048780487804878
2024_08_NYJ_NE,NYJ,2024,8,1.4349552,0.5,336.0,79,34.0,28.0,3.0,0.0,0.0,0.01816399037083493,4.253164556962025
2024_08_PHI_CIN,CIN,2024,8,-1.180038,0.45714286,280.0,71,40.0,17.0,2.0,1.0,1.0,-0.0166202531733983,3.943661971830986
2024_08_PHI_CIN,PHI,2024,8,23.657204,0.5394737,397.0,76,23.0,38.0,4.0,0.0,0.0,0.31127899571468953,5.223684210526316
2024_08_TEN_DET,DET,2024,8,11.659424,0.578125,225.0,64,24.0,24.0,6.0,0.0,0.0,0.18217849731445312,3.515625
2024_08_TEN_DET,TEN,2024,8,-31.009344,0.4375,416.0,97,47.0,29.0,3.0,2.0,2.0,-0.3196839598036304,4.288659793814433
2024_09_CHI_ARI,ARI,2024,9,3.1246886,0.5068493,350.0,73,23.0,35.0,3.0,0.0,2.0,0.042803953771721824,4.794520547945205
2024_09_CHI_ARI,CHI,2024,9,-16.277416,0.31868133,241.0,92,54.0,19.0,0.0,0.0,0.0,-0.1769284372744353,2.619565217391304
2024_09_DAL_ATL,ATL,2024,9,1.3349005,0.44594595,310.0,75,27.0,28.0,4.0,0.0,1.0,0.017798673311869302,4.133333333333334
2024_09_DAL_ATL,DAL,2024,9,-3.6498399,0.43617022,380.0,94,57.0,19.0,2.0,0.0,0.0,-0.03882808380938591,4.042553191489362
2024_09_DEN_BAL,BAL,2024,9,24.340094,0.5972222,396.0,73,24.0,32.0,5.0,0.0,0.0,0.33342593989960134,5.424657534246576
2024_09_DEN_BAL,DEN,2024,9,-10.190653,0.3604651,319.0,86,46.0,25.0,1.0,1.0,0.0,-0.11849596334058185,3.7093023255813953
2024_09_DET_GB,DET,2024,9,7.761839,0.5,261.0,73,24.0,30.0,2.0,0.0,0.0,0.10632656045155982,3.5753424657534247
2024_09_DET_GB,GB,2024,9,-4.468025,0.475,413.0,80,42.0,23.0,2.0,1.0,0.0,-0.05585031509399414,5.1625
2024_09_HOU_NYJ,HOU,2024,9,1.1018159,0.4105263,322.0,95,48.0,30.0,1.0,0.0,1.0,0.01159806251525879,3.389473684210526
2024_09_HOU_NYJ,NYJ,2024,9,8.5453205,0.4520548,293.0,74,36.0,21.0,3.0,0.0,1.0,0.11547730420086835,3.9594594594594597
2024_09_IND_MIN,IND,2024,9,-19.232592,0.39130434,227.0,69,35.0,18.0,0.0,1.0,1.0,-0.2787332120149032,3.289855072463768
2024_09_IND_MIN,MIN,2024,9,-11.354711,0.5176471,415.0,86,42.0,30.0,4.0,2.0,1.0,-0.13203151835951693,4.825581395348837
2024_09_JAX_PHI,JAX,2024,9,-4.6513586,0.41791046,219.0,67,38.0,15.0,2.0,2.0,0.0,-0.06942326275270376,3.2686567164179103
2024_09_JAX_PHI,PHI,2024,9,1.0732112,0.43157893,447.0,96,36.0,40.0,5.0,0.0,2.0,0.011179283261299133,4.65625
2024_09_LAC_CLE,CLE,2024,9,-25.570292,0.42708334,292.0,96,59.0,20.0,1.0,3.0,0.0,-0.2663572033246358,3.0416666666666665
2024_09_LAC_CLE,LAC,2024,9,-4.7844896,0.33333334,342.0,76,35.0,20.0,4.0,0.0,0.0,-0.06295381094280042,4.5
2024_09_LA_SEA,LA,2024,9,-3.761001,0.41489363,366.0,94,48.0,29.0,2.0,1.0,0.0,-0.04001065010720111,3.893617021276596
2024_09_LA_SEA,SEA,2024,9,-15.605507,0.43564355,424.0,102,48.0,31.0,4.0,3.0,0.0,-0.15299516565659466,4.1568627450980395
2024_09_LV_CIN,CIN,2024,9,10.454222,0.5652174,373.0,93,43.0,28.0,6.0,1.0,0.0,0.1124109862953104,4.010752688172043
2024_09_LV_CIN,LV,2024,9,-8.248248,0.4698795,217.0,83,41.0,20.0,2.0,0.0,2.0,-0.0993764831359128,2.6144578313253013
2024_09_MIA_BUF,BUF,2024,9,17.19116,0.5875,327.0,80,47.0,18.0,3.0,1.0,0.0,0.2148895025253296,4.0875
2024_09_MIA_BUF,MIA,2024,9,16.566824,0.5769231,373.0,79,31.0,29.0,3.0,0.0,1.0,0.20970663239684287,4.7215189873417724
2024_09_NE_TEN,NE,2024,9,-7.3674154,0.4651163,295.0,86,54.0,14.0,2.0,2.0,1.0,-0.08566762125769327,3.4302325581395348
2024_09_NE_TEN,TEN,2024,9,-4.845981,0.41304347,400.0,93,37.0,40.0,2.0,1.0,0.0,-0.05210732388240035,4.301075268817204
2024_09_NO_CAR,CAR,2024,9,2.237654,0.43661973,246.0,72,32.0,19.0,3.0,1.0,0.0,0.031078527371088665,3.4166666666666665
2024_09_NO_CAR,NO,2024,9,6.1884356,0.4375,427.0,96,38.0,42.0,2.0,0.0,0.0,0.06446287035942078,4.447916666666667
2024_09_TB_KC,KC,2024,9,14.120914,0.54,384.0,101,51.0,34.0,4.0,0.0,1.0,0.13981103424978727,3.801980198019802
2024_09_TB_KC,TB,2024,9,9.604218,0.44444445,284.0,72,37.0,18.0,3.0,0.0,0.0,0.13339191012912327,3.9444444444444446
2024_09_WAS_NYG,NYG,2024,9,9.779047,0.4871795,326.0,78,35.0,30.0,3.0,0.0,1.0,0.12537239759396285,4.17948717948718
2024_09_WAS_NYG,WAS,2024,9,16.303974,0.5945946,358.0,75,27.0,32.0,3.0,0.0,0.0,0.21738632202148436,4.773333333333333
2024_10_ATL_NO,ATL,2024,10,-3.435366,0.5319149,468.0,94,44.0,34.0,2.0,1.0,0.0,-0.03654644590743045,4.9787234042553195
2024_10_ATL_NO,NO,2024,10,-1.1693249,0.41428572,365.0,71,27.0,25.0,2.0,0.0,0.0,-0.016469364434900418,5.140845070422535
2024_10_BUF_IND,BUF,2024,10,1.4162627,0.48351648,415.0,92,43.0,30.0,2.0,2.0,0.0,0.015394160281056944,4.510869565217392
2024_10_BUF_IND,IND,2024,10,-13.186928,0.475,361.0,80,42.0,22.0,3.0,3.0,1.0,-0.16483659744262696,4.5125
2024_10_CIN_BAL,BAL,2024,10,16.686384,0.5185185,391.0,82,39.0,23.0,5.0,0.0,0.0,0.20349249025670493,4.7682926829268295
2024_10_CIN_BAL,CIN,2024,10,16.091043,0.5208333,470.0,96,66.0,16.0,5.0,0.0,1.0,0.1676150361696879,4.895833333333333
2024_10_DEN_KC,DEN,2024,10,-0.9859656,0.42666668,260.0,75,34.0,23.0,2.0,0.0,0.0,-0.013146208127339682,3.466666666666667
2024_10_DEN_KC,KC,2024,10,1.5428602,0.425,300.0,81,51.0,17.0,1.0,0.0,0.0,0.019047656177002707,3.7037037037037037
2024_10_DET_HOU,DET,2024,10,-6.3560057,0.44444445,345.0,81,33.0,32.0,3.0,5.0,0.0,-0.0784692057856807,4.2592592592592595
2024_10_DET_HOU,HOU,2024,10,-10.6908655,0.41860464,248.0,87,39.0,29.0,2.0,2.0,0.0,-0.12288351168577698,2.8505747126436782
2024_10_MIA_LA,LA,2024,10,-17.306429,0.4827586,327.0,87,49.0,20.0,0.0,1.0,1.0,-0.19892447022185927,3.7586206896551726
2024_10_MIA_LA,MIA,2024,10,-4.4120693,0.4477612,238.0,68,31.0,21.0,2.0,1.0,1.0,-0.06488337236292221,3.5
2024_10_MIN_JAX,JAX,2024,10,-10.476484,0.4181818,143.0,55,28.0,16.0,1.0,2.0,1.0,-0.19048153270374646,2.6
2024_10_MIN_JAX,MIN,2024,10,-0.9012193,0.46391752,402.0,98,44.0,38.0,0.0,3.0,0.0,-0.009196115391595023,4.1020408163265305
2024_10_NE_CHI,CHI,2024,10,-23.76061,0.35,142.0,80,42.0,18.0,0.0,0.0,0.0,-0.2970076322555542,1.775
2024_10_NE_CHI,NE,2024,10,-2.8337836,0.4871795,328.0,79,31.0,31.0,1.0,1.0,0.0,-0.03587067881716958,4.151898734177215
2024_10_NYG_CAR,CAR,2024,10,-1.2926893,0.43037975,306.0,80,29.0,31.0,2.0,0.0,1.0,-0.01615861654281616,3.825
2024_10_NYG_CAR,NYG,2024,10,-5.945736,0.5591398,342.0,93,41.0,32.0,2.0,2.0,1.0,-0.06393264442361811,3.6774193548387095
2024_10_NYJ_ARI,ARI,2024,10,22.429163,0.6056338,406.0,72,27.0,31.0,4.0,0.0,0.0,0.3115161524878608,5.638888888888889
2024_10_NYJ_ARI,NYJ,2024,10,-3.3341975,0.5147059,207.0,68,41.0,17.0,0.0,0.0,1.0,-0.04903231648837819,3.0441176470588234
2024_10_PHI_DAL,DAL,2024,10,-36.500168,0.44,146.0,75,35.0,25.0,0.0,1.0,4.0,-0.4866689046223958,1.9466666666666668
2024_10_PHI_DAL,PHI,2024,10,-1.874835,0.48235294,348.0,86,33.0,34.0,4.0,1.0,1.0,-0.0218004071435263,4.046511627906977
2024_10_PIT_WAS,PIT,2024,10,5.4590187,0.40625,312.0,97,36.0,40.0,4.0,1.0,2.0,0.056278543373973096,3.216494845360825
2024_10_PIT_WAS,WAS,2024,10,2.3207908,0.54320985,242.0,81,41.0,23.0,3.0,0.0,0.0,0.028651737872465156,2.9876543209876543
2024_10_SF_TB,SF,2024,10,10.60578,0.575,413.0,80,44.0,18.0,2.0,0.0,0.0,0.13257224559783937,5.1625
2024_10_SF_TB,TB,2024,10,4.619625,0.5,215.0,79,34.0,27.0,2.0,0.0,1.0,0.05847626698168018,2.721518987341772
2024_10_TEN_LAC,LAC,2024,10,13.906316,0.5277778,309.0,73,24.0,32.0,3.0,0.0,0.0,0.19049747676065523,4.232876712328767
2024_10_TEN_LAC,TEN,2024,10,3.0092854,0.5,289.0,74,34.0,20.0,2.0,0.0,0.0,0.04066601959434715,3.9054054054054053
2024_11_ATL_DEN,ATL,2024,11,-12.899268,0.43421054,226.0,77,36.0,22.0,0.0,1.0,0.0,-0.16752296299129338,2.935064935064935
2024_11_ATL_DEN,DEN,2024,11,22.038847,0.55263156,400.0,76,36.0,26.0,5.0,0.0,0.0,0.2899848285474275,5.2631578947368425
2024_11_BAL_PIT,BAL,2024,11,-13.053351,0.4177215,329.0,79,39.0,21.0,2.0,1.0,2.0,-0.16523229623142677,4.1645569620253164
2024_11_BAL_PIT,PIT,2024,11,-9.984163,0.41237113,303.0,98,42.0,33.0,0.0,1.0,0.0,-0.10187921718675264,3.0918367346938775
2024_11_CIN_LAC,CIN,2024,11,0.911397,0.42156863,452.0,103,59.0,23.0,3.0,0.0,0.0,0.008848514371705286,4.388349514563107
2024_11_CIN_LAC,LAC,2024,11,3.6057591,0.4827586,435.0,87,45.0,21.0,4.0,0.0,1.0,0.041445507400337304,5.0
2024_11_CLE_NO,CLE,2024,11,-6.644445,0.3956044,445.0,91,53.0,19.0,2.0,0.0,0.0,-0.07301587848872929,4.8901098901098905
2024_11_CLE_NO,NO,2024,11,15.744093,0.5205479,473.0,74,31.0,27.0,5.0,1.0,1.0,0.21275801272005648,6.391891891891892
2024_11_GB_CHI,CHI,2024,11,11.533787,0.49411765,391.0,86,42.0,30.0,2.0,0.0,0.0,0.13411379969397255,4.546511627906977
2024_11_GB_CHI,GB,2024,11,14.684396,0.53571427,366.0,56,22.0,23.0,3.0,1.0,0.0,0.2622213533946446,6.535714285714286
2024_11_HOU_DAL,DAL,2024,11,-22.273922,0.3939394,388.0,100,67.0,17.0,2.0,1.0,1.0,-0.22273921966552734,3.88
2024_11_HOU_DAL,HOU,2024,11,8.898719,0.45679012,391.0,81,40.0,23.0,3.0,1.0,0.0,0.1098607263447326,4.827160493827161
2024_11_IND_NYJ,IND,2024,11,3.8425665,0.41860464,332.0,86,33.0,37.0,3.0,0.0,1.0,0.044681005699689996,3.86046511627907
2024_11_IND_NYJ,NYJ,2024,11,-0.5405686,0.45070422,253.0,72,33.0,19.0,3.0,0.0,0.0,-0.0075078970856136745,3.513888888888889
2024_11_JAX_DET,DET,2024,11,40.41674,0.6703297,645.0,92,38.0,39.0,7.0,0.0,0.0,0.439312395842179,7.010869565217392
2024_11_JAX_DET,JAX,2024,11,-12.95272,0.43283582,170.0,67,32.0,16.0,0.0,1.0,0.0,-0.1933241744539631,2.537313432835821
2024_11_KC_BUF,BUF,2024,11,12.108255,0.47126436,366.0,88,47.0,24.0,4.0,1.0,0.0,0.13759381120855158,4.159090909090909
2024_11_KC_BUF,KC,2024,11,2.9074738,0.5362319,259.0,69,38.0,17.0,3.0,2.0,0.0,0.04213730148647143,3.753623188405797
2024_11_LA_NE,LA,2024,11,14.35257,0.5441176,402.0,69,28.0,21.0,4.0,0.0,0.0,0.20800825478374094,5.826086956521739
2024_11_LA_NE,NE,2024,11,6.60452,0.50526315,382.0,95,48.0,28.0,2.0,1.0,1.0,0.06952126151637027,4.021052631578947
2024_11_LV_MIA,LV,2024,11,9.876723,0.51282054,328.0,79,50.0,15.0,2.0,1.0,0.0,0.12502181379100943,4.151898734177215
2024_11_LV_MIA,MIA,2024,11,25.805443,0.5731707,353.0,82,40.0,27.0,4.0,0.0,0.0,0.31470052207388527,4.304878048780488
2024_11_MIN_TEN,MIN,2024,11,2.3633573,0.44827586,318.0,88,41.0,31.0,3.0,0.0,1.0,0.026856333017349243,3.6136363636363638
2024_11_MIN_TEN,TEN,2024,11,-10.778102,0.33783785,294.0,74,41.0,18.0,1.0,1.0,0.0,-0.1456500259605614,3.972972972972973
2024_11_SEA_SF,SEA,2024,11,4.522941,0.5,289.0,74,39.0,21.0,2.0,1.0,0.0,0.06112082584484203,3.9054054054054053
2024_11_SEA_SF,SF,2024,11,-0.41601667,0.46753246,277.0,78,38.0,25.0,2.0,1.0,0.0,-0.005333547026683123,3.551282051282051
2024_11_WAS_PHI,PHI,2024,11,5.748419,0.4597701,434.0,88,35.0,35.0,3.0,0.0,0.0,0.06532294099981134,4.931818181818182
2024_11_WAS_PHI,WAS,2024,11,-2.0478601,0.5,266.0,80,42.0,24.0,2.0,1.0,0.0,-0.025598251819610597,3.325
2024_12_ARI_SEA,ARI,2024,12,-11.862345,0.3888889,298.0,72,44.0,14.0,1.0,1.0,0.0,-0.16475478808085123,4.138888888888889
2024_12_ARI_SEA,SEA,2024,12,-2.6074104,0.4025974,285.0,78,39.0,23.0,1.0,1.0,0.0,-0.033428338857797474,3.6538461538461537
2024_12_BAL_LAC,BAL,2024,12,18.085012,0.4871795,389.0,79,26.0,37.0,4.0,0.0,0.0,0.22892420804953273,4.924050632911392
2024_12_BAL_LAC,LAC,2024,12,7.520094,0.50574714,285.0,87,51.0,18.0,2.0,0.0,0.0,0.08643786112467448,3.2758620689655173
2024_12_DAL_WAS,DAL,2024,12,2.5855975,0.47777778,332.0,90,38.0,28.0,4.0,0.0,1.0,0.028728861278957792,3.688888888888889
2024_12_DAL_WAS,WAS,2024,12,-5.934118,0.43333334,414.0,91,44.0,25.0,3.0,2.0,1.0,-0.06521008564875676,4.549450549450549
2024_12_DEN_LV,DEN,2024,12,7.302982,0.4651163,325.0,86,45.0,23.0,2.0,0.0,0.0,0.08491839364517567,3.7790697674418605
2024_12_DEN_LV,LV,2024,12,-8.257506,0.49484536,369.0,98,63.0,14.0,1.0,1.0,1.0,-0.0842602690871881,3.7653061224489797
2024_12_DET_IND,DET,2024,12,9.984894,0.52272725,390.0,89,40.0,31.0,3.0,0.0,0.0,0.11218981796436095,4.382022471910112
2024_12_DET_IND,IND,2024,12,-11.914147,0.36231884,268.0,69,35.0,19.0,0.0,0.0,0.0,-0.1726688025654226,3.8840579710144927
2024_12_KC_CAR,CAR,2024,12,11.224766,0.5121951,336.0,83,43.0,19.0,2.0,0.0,0.0,0.13523814189864927,4.048192771084337
2024_12_KC_CAR,KC,2024,12,21.75803,0.5955056,391.0,89,52.0,22.0,3.0,0.0,0.0,0.2444722464915072,4.393258426966292
2024_12_MIN_CHI,CHI,2024,12,4.232321,0.48421052,400.0,96,58.0,17.0,3.0,0.0,0.0,0.0440866748491923,4.166666666666667
2024_12_MIN_CHI,MIN,2024,12,12.405425,0.5,452.0,88,43.0,28.0,3.0,0.0,2.0,0.14097073945132169,5.136363636363637
2024_12_NE_MIA,MIA,2024,12,2.5859704,0.5,373.0,85,43.0,22.0,5.0,0.0,1.0,0.03042318119722254,4.3882352941176475
2024_12_NE_MIA,NE,2024,12,-18.00757,0.4090909,271.0,88,52.0,16.0,1.0,1.0,1.0,-0.20463148030367764,3.0795454545454546
2024_12_PHI_LA,LA,2024,12,-1.1544008,0.5063291,290.0,79,47.0,17.0,3.0,0.0,1.0,-0.01461266867722137,3.670886075949367
2024_12_PHI_LA,PHI,2024,12,24.470112,0.52272725,481.0,89,30.0,40.0,4.0,0.0,0.0,0.2749450769317284,5.404494382022472
2024_12_PIT_CLE,CLE,2024,12,-3.473733,0.45945945,306.0,74,33.0,26.0,3.0,1.0,2.0,-0.04694233713923274,4.135135135135135
2024_12_PIT_CLE,PIT,2024,12,-4.5151205,0.4047619,368.0,85,36.0,33.0,2.0,0.0,1.0,-0.0531190647798426,4.329411764705882
2024_12_SF_GB,GB,2024,12,12.578264,0.54651165,325.0,86,27.0,44.0,5.0,0.0,0.0,0.1462588864703511,3.7790697674418605
2024_12_SF_GB,SF,2024,12,-18.707804,0.3880597,241.0,68,32.0,16.0,1.0,1.0,2.0,-0.2751147606793572,3.5441176470588234
2024_12_TB_NYG,NYG,2024,12,-12.954839,0.43055555,245.0,73,43.0,15.0,1.0,0.0,1.0,-0.17746354455817237,3.356164383561644
2024_12_TB_NYG,TB,2024,12,16.066412,0.5,451.0,76,35.0,30.0,4.0,0.0,1.0,0.2114001575269197,5.934210526315789
2024_12_TEN_HOU,HOU,2024,12,-7.685214,0.4025974,260.0,77,42.0,14.0,2.0,2.0,1.0,-0.09980797458004642,3.3766233766233764
2024_12_TEN_HOU,TEN,2024,12,-0.5287919,0.46067417,369.0,90,36.0,29.0,4.0,1.0,1.0,-0.005875465604994032,4.1
2024_13_ARI_MIN,ARI,2024,13,2.4376252,0.5048544,406.0,103,54.0,27.0,1.0,2.0,0.0,0.023666263784019693,3.941747572815534
2024_13_ARI_MIN,MIN,2024,13,1.0249265,0.6119403,273.0,68,41.0,11.0,2.0,0.0,1.0,0.015072449165232042,4.014705882352941
2024_13_CHI_DET,CHI,2024,13,1.0570805,0.4375,301.0,81,55.0,11.0,3.0,0.0,0.0,0.01305037663306719,3.7160493827160495
2024_13_CHI_DET,DET,2024,13,4.8716545,0.5,405.0,84,36.0,34.0,2.0,0.0,1.0,0.05799588702973865,4.821428571428571
2024_13_CLE_DEN,CLE,2024,13,-2.1287713,0.4587156,554.0,109,64.0,22.0,6.0,3.0,0.0,-0.019530011973249804,5.08256880733945
2024_13_CLE_DEN,DEN,2024,13,7.5944734,0.5176471,400.0,86,40.0,24.0,3.0,2.0,0.0,0.08830782979033715,4.651162790697675
2024_13_HOU_JAX,HOU,2024,13,6.903897,0.4556962,326.0,80,40.0,20.0,2.0,0.0,0.0,0.08629871010780335,4.075
2024_13_HOU_JAX,JAX,2024,13,0.6222489,0.41860464,375.0,86,47.0,23.0,2.0,1.0,0.0,0.0072354521862296175,4.3604651162790695
2024_13_IND_NE,IND,2024,13,8.707351,0.5675676,255.0,74,28.0,33.0,3.0,2.0,0.0,0.11766690176886481,3.445945945945946
2024_13_IND_NE,NE,2024,13,7.535088,0.5176471,424.0,86,43.0,29.0,2.0,1.0,0.0,0.0876173030498416,4.930232558139535
2024_13_LAC_ATL,ATL,2024,13,-15.606855,0.47311828,350.0,93,43.0,38.0,2.0,4.0,0.0,-0.1678156493812479,3.763440860215054
2024_13_LAC_ATL,LAC,2024,13,-8.762549,0.39344263,189.0,62,30.0,14.0,0.0,0.0,1.0,-0.14133144194079983,3.0483870967741935
2024_13_LA_NO,LA,2024,13,8.026622,0.5,322.0,69,27.0,27.0,3.0,0.0,0.0,0.11632785244264464,4.666666666666667
2024_13_LA_NO,NO,2024,13,-2.1197689,0.42682928,329.0,82,42.0,29.0,1.0,0.0,0.0,-0.02585083973116991,4.012195121951219
2024_13_LV_KC,KC,2024,13,-2.9922628,0.37078652,329.0,90,55.0,14.0,1.0,0.0,0.0,-0.03324736489189996,3.6555555555555554
2024_13_LV_KC,LV,2024,13,-4.8847733,0.43678162,434.0,87,41.0,26.0,2.0,0.0,1.0,-0.056146819016029095,4.988505747126437
2024_13_MIA_GB,GB,2024,13,20.037552,0.5138889,388.0,72,29.0,25.0,3.0,0.0,1.0,0.27829933166503906,5.388888888888889
2024_13_MIA_GB,MIA,2024,13,6.979303,0.5168539,377.0,90,56.0,15.0,2.0,0.0,0.0,0.0775478098127577,4.188888888888889
2024_13_NYG_DAL,DAL,2024,13,-5.3423185,0.41935483,317.0,94,42.0,31.0,2.0,0.0,0.0,-0.056833175902671,3.372340425531915
2024_13_NYG_DAL,NYG,2024,13,-12.05638,0.4642857,247.0,84,45.0,18.0,3.0,1.0,1.0,-0.14352833657037645,2.9404761904761907
2024_13_PHI_BAL,BAL,2024,13,-4.545742,0.4065934,372.0,91,45.0,27.0,2.0,0.0,0.0,-0.04995320917485834,4.087912087912088
2024_13_PHI_BAL,PHI,2024,13,3.446226,0.50666666,252.0,76,23.0,31.0,3.0,0.0,0.0,0.045345077389164976,3.3157894736842106
2024_13_PIT_CIN,CIN,2024,13,7.3656297,0.57831323,375.0,83,49.0,13.0,5.0,1.0,2.0,0.0887425261807729,4.518072289156627
2024_13_PIT_CIN,PIT,2024,13,17.31415,0.6111111,520.0,91,43.0,23.0,5.0,1.0,0.0,0.190265383039202,5.714285714285714
2024_13_SEA_NYJ,NYJ,2024,13,-10.969923,0.40243903,260.0,82,45.0,22.0,4.0,1.0,1.0,-0.1337795490171851,3.1707317073170733
2024_13_SEA_NYJ,SEA,2024,13,-2.7364192,0.37974682,259.0,80,38.0,24.0,2.0,0.0,2.0,-0.03420524001121521,3.2375
2024_13_SF_BUF,BUF,2024,13,10.298738,0.5070422,372.0,72,20.0,35.0,5.0,0.0,0.0,0.1430380211936103,5.166666666666667
2024_13_SF_BUF,SF,2024,13,-16.60452,0.35384616,239.0,65,22.0,25.0,1.0,0.0,3.0,-0.25545416611891525,3.6769230769230767
2024_13_TB_CAR,CAR,2024,13,-6.721383,0.505618,367.0,90,52.0,18.0,2.0,0.0,1.0,-0.07468203438652886,4.0777777777777775
2024_13_TB_CAR,TB,2024,13,-2.7253373,0.5,445.0,104,41.0,38.0,2.0,2.0,0.0,-0.026205166028096125,4.278846153846154
2024_13_TEN_WAS,TEN,2024,13,-9.125709,0.3611111,245.0,72,43.0,12.0,2.0,0.0,2.0,-0.12674595250023735,3.4027777777777777
2024_13_TEN_WAS,WAS,2024,13,15.106724,0.58,463.0,101,42.0,39.0,6.0,1.0,0.0,0.14957152262772663,4.584158415841584
2024_14_ATL_MIN,ATL,2024,14,0.03843355,0.5494506,498.0,91,40.0,34.0,2.0,2.0,1.0,0.0004223467229486822,5.472527472527473
2024_14_ATL_MIN,MIN,2024,14,23.519175,0.525,433.0,81,36.0,21.0,6.0,0.0,0.0,0.29036017994821806,5.345679012345679
2024_14_BUF_LA,BUF,2024,14,24.681374,0.55,445.0,80,45.0,15.0,7.0,0.0,0.0,0.3085171699523926,5.5625
2024_14_BUF_LA,LA,2024,14,24.840706,0.55789477,457.0,96,35.0,42.0,5.0,0.0,0.0,0.2587573528289795,4.760416666666667
2024_14_CAR_PHI,CAR,2024,14,-0.10543871,0.39759037,302.0,83,43.0,27.0,2.0,1.0,0.0,-0.001270345894687147,3.63855421686747
2024_14_CAR_PHI,PHI,2024,14,2.7304792,0.44594595,294.0,75,29.0,28.0,3.0,0.0,0.0,0.036406389872233075,3.92
2024_14_CHI_SF,CHI,2024,14,-4.616678,0.47761193,162.0,68,34.0,19.0,2.0,0.0,1.0,-0.06789232702816234,2.3823529411764706
2024_14_CHI_SF,SF,2024,14,23.631165,0.5064935,452.0,77,28.0,32.0,5.0,1.0,0.0,0.306898240919237,5.87012987012987
2024_14_CIN_DAL,CIN,2024,14,10.883258,0.52873564,433.0,88,52.0,17.0,3.0,1.0,1.0,0.1236733848398382,4.920454545454546
2024_14_CIN_DAL,DAL,2024,14,2.1570368,0.5064935,322.0,77,36.0,24.0,2.0,1.0,0.0,0.028013464692351105,4.181818181818182
2024_14_CLE_PIT,CLE,2024,14,-16.672718,0.41304347,300.0,92,47.0,25.0,2.0,2.0,0.0,-0.1812251961749533,3.260869565217391
2024_14_CLE_PIT,PIT,2024,14,-2.3191063,0.43209878,267.0,82,31.0,32.0,3.0,0.0,2.0,-0.028281784639125916,3.2560975609756095
2024_14_GB_DET,DET,2024,14,7.2260566,0.5425532,391.0,95,45.0,35.0,4.0,1.0,0.0,0.07606375342921207,4.11578947368421
2024_14_GB_DET,GB,2024,14,7.9500833,0.49275362,298.0,69,27.0,22.0,4.0,0.0,1.0,0.11521859790967859,4.318840579710145
2024_14_JAX_TEN,JAX,2024,14,-1.8147384,0.43055555,291.0,73,35.0,23.0,1.0,2.0,0.0,-0.024859430038765687,3.9863013698630136
2024_14_JAX_TEN,TEN,2024,14,-7.107149,0.4054054,272.0,74,35.0,29.0,0.0,0.0,0.0,-0.09604255573169605,3.675675675675676
2024_14_LAC_KC,KC,2024,14,7.7852683,0.53488374,298.0,87,46.0,21.0,1.0,0.0,0.0,0.08948584260611699,3.425287356321839
2024_14_LAC_KC,LAC,2024,14,6.019687,0.4189189,288.0,74,38.0,22.0,2.0,0.0,0.0,0.08134712399663152,3.891891891891892
2024_14_LV_TB,LV,2024,14,-10.273479,0.443038,286.0,80,43.0,23.0,1.0,1.0,1.0,-0.128418493270874,3.575
2024_14_LV_TB,TB,2024,14,4.7782955,0.48051947,420.0,77,38.0,24.0,4.0,2.0,1.0,0.06205578593464641,5.454545454545454
2024_14_NO_NYG,NO,2024,14,-13.118256,0.39534885,292.0,87,36.0,32.0,2.0,1.0,0.0,-0.15078454730154453,3.3563218390804597
2024_14_NO_NYG,NYG,2024,14,-17.994392,0.33673468,327.0,98,59.0,18.0,1.0,1.0,0.0,-0.18361624892877074,3.336734693877551
2024_14_NYJ_MIA,MIA,2024,14,20.259583,0.62222224,377.0,91,51.0,20.0,3.0,0.0,0.0,0.22263277493990385,4.142857142857143
2024_14_NYJ_MIA,NYJ,2024,14,17.80726,0.5681818,402.0,88,45.0,23.0,2.0,0.0,0.0,0.20235523310574619,4.568181818181818
2024_14_SEA_ARI,ARI,2024,14,-9.98786,0.49425286,358.0,88,47.0,23.0,2.0,2.0,0.0,-0.11349840597672896,4.068181818181818
2024_14_SEA_ARI,SEA,2024,14,7.734468,0.5180723,409.0,83,31.0,32.0,3.0,0.0,0.0,0.0931863612439259,4.927710843373494
2024_15_ATL_LV,ATL,2024,15,-15.487418,0.34177214,261.0,79,22.0,36.0,1.0,1.0,0.0,-0.19604326803472977,3.3037974683544302
2024_15_ATL_LV,LV,2024,15,-23.867857,0.38554215,249.0,84,47.0,19.0,1.0,2.0,1.0,-0.28414115451631095,2.9642857142857144
2024_15_BAL_NYG,BAL,2024,15,22.368866,0.5833333,445.0,73,29.0,29.0,5.0,0.0,1.0,0.3064228214629709,6.095890410958904
2024_15_BAL_NYG,NYG,2024,15,-3.2006984,0.4047619,236.0,84,48.0,19.0,2.0,1.0,0.0,-0.038103552091689336,2.8095238095238093
2024_15_BUF_DET,BUF,2024,15,32.81474,0.6,559.0,91,38.0,31.0,6.0,0.0,0.0,0.3606015299702739,6.142857142857143
2024_15_BUF_DET,DET,2024,15,18.109991,0.54545456,521.0,99,64.0,13.0,6.0,0.0,1.0,0.18292920276372118,5.262626262626263
2024_15_CHI_MIN,CHI,2024,15,-14.567589,0.42352942,284.0,86,39.0,28.0,1.0,0.0,1.0,-0.16939056751339934,3.302325581395349
2024_15_CHI_MIN,MIN,2024,15,4.4157443,0.5263158,329.0,95,47.0,30.0,3.0,1.0,0.0,0.04648151899638929,3.463157894736842
2024_15_CIN_TEN,CIN,2024,15,9.48329,0.47777778,370.0,90,41.0,27.0,4.0,2.0,1.0,0.10536988576253255,4.111111111111111
2024_15_CIN_TEN,TEN,2024,15,-2.8170195,0.5529412,374.0,86,44.0,25.0,5.0,4.0,2.0,-0.0327560402626215,4.348837209302325
2024_15_DAL_CAR,CAR,2024,15,-6.8318696,0.47368422,235.0,76,42.0,13.0,2.0,2.0,2.0,-0.08989302108162328,3.0921052631578947
2024_15_DAL_CAR,DAL,2024,15,16.170252,0.54545456,410.0,89,30.0,40.0,3.0,0.0,1.0,0.18168822299228626,4.606741573033708
2024_15_GB_SEA,GB,2024,15,7.0685406,0.5375,369.0,80,30.0,34.0,3.0,0.0,1.0,0.08835675716400146,4.6125
2024_15_GB_SEA,SEA,2024,15,-14.68313,0.43421054,208.0,77,44.0,15.0,1.0,2.0,0.0,-0.19069000343223672,2.7012987012987013
2024_15_IND_DEN,DEN,2024,15,-15.608991,0.39506173,193.0,82,39.0,21.0,3.0,3.0,0.0,-0.19035354474695718,2.3536585365853657
2024_15_IND_DEN,IND,2024,15,-35.142944,0.35869566,310.0,92,46.0,30.0,2.0,2.0,3.0,-0.381988525390625,3.369565217391304
2024_15_KC_CLE,CLE,2024,15,-25.296453,0.44,266.0,75,43.0,18.0,1.0,4.0,1.0,-0.33728604634602866,3.546666666666667
2024_15_KC_CLE,KC,2024,15,-7.30175,0.42391303,311.0,93,42.0,31.0,3.0,0.0,1.0,-0.07851344282909106,3.3440860215053765
2024_15_LA_SF,LA,2024,15,-4.2568974,0.45,302.0,80,28.0,37.0,0.0,0.0,0.0,-0.0532112181186676,3.775
2024_15_LA_SF,SF,2024,15,-12.506807,0.34285715,191.0,71,35.0,19.0,0.0,1.0,0.0,-0.1761522158770494,2.6901408450704225
2024_15_MIA_HOU,HOU,2024,15,-7.369936,0.46153846,181.0,66,33.0,15.0,2.0,0.0,1.0,-0.1116656968087861,2.742424242424242
2024_15_MIA_HOU,MIA,2024,15,-13.993196,0.4698795,224.0,83,49.0,19.0,1.0,3.0,1.0,-0.1685927172741258,2.6987951807228914
2024_15_NE_ARI,ARI,2024,15,14.880537,0.48192772,395.0,84,41.0,28.0,3.0,0.0,0.0,0.17714925039382207,4.7023809523809526
2024_15_NE_ARI,NE,2024,15,0.43756476,0.6,311.0,65,29.0,22.0,2.0,1.0,0.0,0.006731765545331515,4.7846153846153845
2024_15_NYJ_JAX,JAX,2024,15,13.262192,0.57731956,421.0,97,58.0,26.0,2.0,2.0,0.0,0.13672362652021586,4.34020618556701
2024_15_NYJ_JAX,NYJ,2024,15,22.442144,0.46052632,402.0,77,41.0,17.0,4.0,0.0,0.0,0.2914564207002714,5.220779220779221
2024_15_PIT_PHI,PHI,2024,15,10.638161,0.4787234,401.0,95,40.0,37.0,3.0,0.0,1.0,0.11198063900596217,4.221052631578948
2024_15_PIT_PHI,PIT,2024,15,-4.9585924,0.46551725,163.0,58,27.0,16.0,1.0,0.0,2.0,-0.08549297266993029,2.810344827586207
2024_15_TB_LAC,LAC,2024,15,-15.48097,0.45714286,206.0,70,41.0,11.0,2.0,1.0,1.0,-0.22115671975272042,2.942857142857143
2024_15_TB_LAC,TB,2024,15,16.647343,0.5764706,506.0,86,35.0,37.0,4.0,1.0,1.0,0.19357375211493913,5.883720930232558
2024_15_WAS_NO,NO,2024,15,-0.7907009,0.4117647,245.0,69,39.0,15.0,2.0,1.0,0.0,-0.011459433514138927,3.550724637681159
2024_15_WAS_NO,WAS,2024,15,3.2008471,0.5106383,326.0,94,48.0,30.0,2.0,0.0,0.0,0.0340515654137794,3.4680851063829787
2024_16_ARI_CAR,ARI,2024,16,10.774549,0.51111114,382.0,90,45.0,25.0,3.0,1.0,1.0,0.11971720589531792,4.2444444444444445
2024_16_ARI_CAR,CAR,2024,16,15.81657,0.46067417,392.0,90,35.0,32.0,5.0,0.0,0.0,0.17573966979980468,4.355555555555555
2024_16_CLE_CIN,CIN,2024,16,2.39134,0.55714285,326.0,71,36.0,19.0,3.0,0.0,1.0,0.03368084531434825,4.591549295774648
2024_16_CLE_CIN,CLE,2024,16,-16.814144,0.35064936,273.0,77,45.0,21.0,1.0,2.0,1.0,-0.21836550824053877,3.5454545454545454
2024_16_DEN_LAC,DEN,2024,16,11.989062,0.4939759,355.0,83,45.0,19.0,3.0,0.0,0.0,0.14444653384656791,4.27710843373494
2024_16_DEN_LAC,LAC,2024,16,16.961285,0.5375,382.0,81,40.0,22.0,4.0,1.0,0.0,0.20939857577100213,4.716049382716049
2024_16_DET_CHI,CHI,2024,16,-0.271322,0.4698795,382.0,83,48.0,15.0,2.0,0.0,2.0,-0.0032689399029835163,4.602409638554217
2024_16_DET_CHI,DET,2024,16,22.653877,0.5802469,475.0,82,33.0,31.0,4.0,0.0,0.0,0.27626679583293634,5.7926829268292686
2024_16_HOU_KC,HOU,2024,16,4.2867646,0.42666668,311.0,75,44.0,15.0,2.0,2.0,0.0,0.057156861623128254,4.1466666666666665
2024_16_HOU_KC,KC,2024,16,9.075622,0.5116279,375.0,87,49.0,23.0,3.0,0.0,0.0,0.10431748971171763,4.310344827586207
2024_16_JAX_LV,JAX,2024,16,-18.646744,0.33333334,308.0,81,45.0,22.0,2.0,0.0,2.0,-0.23020671326437114,3.802469135802469
2024_16_JAX_LV,LV,2024,16,-12.144376,0.4065934,314.0,92,47.0,24.0,2.0,0.0,0.0,-0.13200408479441766,3.4130434782608696
2024_16_LA_NYJ,LA,2024,16,4.3199186,0.46031746,242.0,64,20.0,29.0,2.0,1.0,1.0,0.06749872863292694,3.78125
2024_16_LA_NYJ,NYJ,2024,16,-9.915842,0.4556962,321.0,79,49.0,20.0,1.0,0.0,1.0,-0.12551698805410652,4.063291139240507
2024_16_MIN_SEA,MIN,2024,16,10.352601,0.5060241,298.0,84,42.0,21.0,3.0,0.0,0.0,0.12324525061107817,3.5476190476190474
2024_16_MIN_SEA,SEA,2024,16,3.30905,0.52873564,361.0,87,48.0,16.0,3.0,2.0,0.0,0.03803505842713104,4.149425287356322
2024_16_NE_BUF,BUF,2024,16,5.40977,0.4864865,324.0,75,35.0,24.0,2.0,1.0,0.0,0.07213026682535807,4.32
2024_16_NE_BUF,NE,2024,16,3.1427577,0.51648355,379.0,91,45.0,29.0,4.0,1.0,2.0,0.034535798397693,4.164835164835165
2024_16_NO_GB,GB,2024,16,20.94409,0.5119048,404.0,85,30.0,37.0,4.0,0.0,0.0,0.24640105752383962,4.752941176470588
2024_16_NO_GB,NO,2024,16,-18.794153,0.35714287,196.0,70,39.0,16.0,0.0,1.0,1.0,-0.26848790305001397,2.8
2024_16_NYG_ATL,ATL,2024,16,5.240591,0.525,329.0,81,30.0,35.0,2.0,1.0,0.0,0.06469865492832513,4.061728395061729
2024_16_NYG_ATL,NYG,2024,16,-26.827337,0.47435898,234.0,78,44.0,14.0,3.0,2.0,1.0,-0.34394022134634167,3.0
2024_16_PHI_WAS,PHI,2024,16,10.016559,0.4516129,338.0,93,40.0,34.0,3.0,1.0,1.0,0.1077049316898469,3.6344086021505375
2024_16_PHI_WAS,WAS,2024,16,5.2816544,0.48809522,370.0,85,47.0,19.0,5.0,2.0,3.0,0.06213711009306066,4.352941176470588
2024_16_PIT_BAL,BAL,2024,16,12.909442,0.5584416,418.0,78,25.0,34.0,3.0,1.0,0.0,0.16550566599919245,5.358974358974359
2024_16_PIT_BAL,PIT,2024,16,-6.4365144,0.47435898,315.0,78,37.0,22.0,3.0,1.0,1.0,-0.0825194150973589,4.038461538461538
2024_16_SF_MIA,MIA,2024,16,15.756748,0.575,381.0,81,35.0,31.0,2.0,0.0,0.0,0.19452775554892457,4.703703703703703
2024_16_SF_MIA,SF,2024,16,0.8350296,0.5058824,374.0,85,45.0,17.0,2.0,1.0,0.0,0.009823877671185663,4.4
2024_16_TB_DAL,DAL,2024,16,4.346237,0.425,317.0,81,39.0,18.0,2.0,0.0,0.0,0.05365724916811342,3.9135802469135803
2024_16_TB_DAL,TB,2024,16,2.235183,0.5697674,410.0,86,52.0,20.0,3.0,1.0,1.0,0.025990500006564828,4.767441860465116
2024_16_TEN_IND,IND,2024,16,11.362112,0.5180723,458.0,84,14.0,48.0,5.0,1.0,0.0,0.13526323863438197,5.4523809523809526
2024_16_TEN_IND,TEN,2024,16,3.6829593,0.5064935,311.0,77,39.0,21.0,4.0,3.0,0.0,0.04783064049559754,4.038961038961039
2024_17_ARI_LA,ARI,2024,17,-5.842155,0.49462366,396.0,93,58.0,21.0,1.0,2.0,0.0,-0.06281887074952484,4.258064516129032
2024_17_ARI_LA,LA,2024,17,-3.1084518,0.46478873,257.0,72,36.0,20.0,1.0,0.0,0.0,-0.04317294226752387,3.5694444444444446
2024_17_ATL_WAS,ATL,2024,17,8.000969,0.5625,337.0,80,42.0,22.0,3.0,1.0,0.0,0.10001211166381836,4.2125
2024_17_ATL_WAS,WAS,2024,17,13.120789,0.51,412.0,101,51.0,31.0,4.0,1.0,0.0,0.1299087977645421,4.079207920792079
2024_17_BAL_HOU,BAL,2024,17,19.471474,0.56578946,432.0,76,21.0,42.0,4.0,0.0,0.0,0.2562036012348376,5.684210526315789
2024_17_BAL_HOU,HOU,2024,17,-19.108032,0.3857143,211.0,71,40.0,16.0,0.0,1.0,0.0,-0.26912721445862675,2.971830985915493
2024_17_CAR_TB,CAR,2024,17,-8.740526,0.47761193,204.0,67,36.0,11.0,3.0,0.0,0.0,-0.13045561491553462,3.044776119402985
2024_17_CAR_TB,TB,2024,17,29.075983,0.6043956,551.0,92,37.0,37.0,5.0,0.0,0.0,0.316043293994406,5.989130434782608
2024_17_DAL_PHI,DAL,2024,17,-19.96047,0.41558442,268.0,77,32.0,30.0,2.0,2.0,2.0,-0.25922688570889557,3.4805194805194803
2024_17_DAL_PHI,PHI,2024,17,18.118832,0.5185185,376.0,82,22.0,41.0,4.0,0.0,0.0,0.22096136139660347,4.585365853658536
2024_17_DEN_CIN,CIN,2024,17,12.524139,0.5660377,499.0,107,64.0,25.0,4.0,0.0,1.0,0.11704803181585864,4.663551401869159
2024_17_DEN_CIN,DEN,2024,17,8.653747,0.47297296,329.0,74,39.0,21.0,3.0,1.0,0.0,0.11694252168810046,4.445945945945946
2024_17_DET_SF,DET,2024,17,28.155289,0.56626505,441.0,84,38.0,30.0,5.0,0.0,0.0,0.3351820082891555,5.25
2024_17_DET_SF,SF,2024,17,16.744354,0.60240966,475.0,83,47.0,16.0,5.0,2.0,0.0,0.20173920780779367,5.72289156626506
2024_17_GB_MIN,GB,2024,17,-2.5761256,0.5064935,273.0,77,37.0,25.0,3.0,0.0,1.0,-0.03345617690643707,3.5454545454545454
2024_17_GB_MIN,MIN,2024,17,-2.4536471,0.50549453,441.0,92,46.0,23.0,3.0,1.0,0.0,-0.026670077572698177,4.793478260869565
2024_17_IND_NYG,IND,2024,17,7.050059,0.5425532,446.0,94,44.0,33.0,4.0,2.0,1.0,0.07500062597558853,4.74468085106383
2024_17_IND_NYG,NYG,2024,17,19.66673,0.47368422,389.0,77,26.0,26.0,6.0,0.0,0.0,0.25541208936022475,5.0519480519480515
2024_17_KC_PIT,KC,2024,17,14.561586,0.5,389.0,76,43.0,19.0,4.0,0.0,0.0,0.19159982078953794,5.118421052631579
2024_17_KC_PIT,PIT,2024,17,-11.961073,0.45652175,364.0,93,49.0,26.0,1.0,1.0,1.0,-0.12861368733067666,3.913978494623656
2024_17_LAC_NE,LAC,2024,17,23.467422,0.5531915,428.0,94,45.0,34.0,4.0,0.0,0.0,0.24965343069522938,4.553191489361702
2024_17_LAC_NE,NE,2024,17,-18.898108,0.46268657,181.0,68,38.0,15.0,1.0,0.0,1.0,-0.27791334601009593,2.661764705882353
2024_17_LV_NO,LV,2024,17,4.539583,0.44444445,388.0,91,37.0,38.0,2.0,0.0,0.0,0.04988552973820613,4.263736263736264
2024_17_LV_NO,NO,2024,17,-19.153063,0.4050633,269.0,79,47.0,13.0,1.0,2.0,0.0,-0.24244383317005785,3.4050632911392404
2024_17_MIA_CLE,CLE,2024,17,-26.498657,0.38043478,276.0,92,51.0,28.0,0.0,1.0,1.0,-0.28802888289741846,3.0
2024_17_MIA_CLE,MIA,2024,17,-5.804481,0.4,280.0,76,37.0,21.0,2.0,0.0,0.0,-0.07637475038829603,3.6842105263157894
2024_17_NYJ_BUF,BUF,2024,17,12.77607,0.5058824,348.0,86,37.0,31.0,5.0,0.0,0.0,0.14855894931527072,4.046511627906977
2024_17_NYJ_BUF,NYJ,2024,17,-14.58474,0.47368422,283.0,76,41.0,22.0,2.0,2.0,1.0,-0.19190446954024465,3.723684210526316
2024_17_SEA_CHI,CHI,2024,17,-11.150376,0.3918919,179.0,74,41.0,20.0,0.0,1.0,0.0,-0.15068076107953046,2.418918918918919
2024_17_SEA_CHI,SEA,2024,17,-6.7719274,0.453125,265.0,65,28.0,23.0,0.0,0.0,1.0,-0.10418349779569186,4.076923076923077
2024_17_TEN_JAX,JAX,2024,17,9.405546,0.49295774,295.0,72,26.0,31.0,2.0,0.0,0.0,0.13063258594936794,4.097222222222222
2024_17_TEN_JAX,TEN,2024,17,1.3223398,0.4939759,337.0,83,41.0,28.0,1.0,1.0,0.0,0.015931804496121693,4.0602409638554215
2024_18_BUF_NE,BUF,2024,18,-7.123453,0.40963855,259.0,83,33.0,34.0,2.0,0.0,0.0,-0.08582473662962396,3.1204819277108435
2024_18_BUF_NE,NE,2024,18,0.27759767,0.43037975,309.0,80,36.0,25.0,2.0,0.0,1.0,0.0034699708223342894,3.8625
2024_18_CAR_ATL,ATL,2024,18,18.859509,0.6421053,537.0,96,41.0,38.0,5.0,1.0,0.0,0.19645321369171143,5.59375
2024_18_CAR_ATL,CAR,2024,18,28.07026,0.5529412,425.0,85,41.0,25.0,6.0,0.0,0.0,0.33023834228515625,5.0
2024_18_CHI_GB,CHI,2024,18,-10.542926,0.39506173,224.0,81,35.0,26.0,2.0,1.0,1.0,-0.13015957820562668,2.765432098765432
2024_18_CHI_GB,GB,2024,18,-13.220955,0.44871795,367.0,79,32.0,33.0,3.0,0.0,2.0,-0.16735385943062697,4.6455696202531644
2024_18_CIN_PIT,CIN,2024,18,5.201535,0.5280899,314.0,90,52.0,21.0,1.0,1.0,1.0,0.0577948358323839,3.488888888888889
2024_18_CIN_PIT,PIT,2024,18,-0.2042709,0.43421054,193.0,76,40.0,21.0,2.0,0.0,1.0,-0.002687774990734301,2.539473684210526
2024_18_CLE_BAL,BAL,2024,18,7.9172363,0.45882353,437.0,85,38.0,31.0,4.0,0.0,0.0,0.09314395680147058,5.141176470588236
2024_18_CLE_BAL,CLE,2024,18,-19.408525,0.34210527,230.0,77,41.0,17.0,2.0,2.0,0.0,-0.2520587722976486,2.987012987012987
2024_18_HOU_TEN,HOU,2024,18,3.9763627,0.5131579,374.0,77,32.0,27.0,2.0,0.0,1.0,0.051641074093905365,4.857142857142857
2024_18_HOU_TEN,TEN,2024,18,-7.7480545,0.4025974,316.0,77,32.0,30.0,2.0,0.0,1.0,-0.10062408447265625,4.103896103896104
2024_18_JAX_IND,IND,2024,18,4.7802114,0.54545456,429.0,100,44.0,34.0,2.0,0.0,0.0,0.04780211448669434,4.29
2024_18_JAX_IND,JAX,2024,18,5.007975,0.47191012,319.0,89,37.0,30.0,2.0,1.0,0.0,0.056269383162594916,3.5842696629213484
2024_18_KC_DEN,DEN,2024,18,27.394238,0.5632184,479.0,87,36.0,37.0,5.0,0.0,0.0,0.3148762933139143,5.505747126436781
2024_18_KC_DEN,KC,2024,18,-15.201547,0.30612245,98.0,50,24.0,10.0,0.0,0.0,0.0,-0.30403093338012693,1.96
2024_18_LAC_LV,LAC,2024,18,19.765339,0.5591398,475.0,94,40.0,33.0,3.0,0.0,0.0,0.21026956274154338,5.053191489361702
2024_18_LAC_LV,LV,2024,18,0.5878229,0.52238804,264.0,67,39.0,11.0,2.0,1.0,0.0,0.008773476330202017,3.9402985074626864
2024_18_MIA_NYJ,MIA,2024,18,-5.855789,0.47126436,334.0,88,49.0,21.0,2.0,2.0,2.0,-0.06654305891557173,3.7954545454545454
2024_18_MIA_NYJ,NYJ,2024,18,5.4553366,0.48101267,377.0,79,41.0,23.0,4.0,1.0,0.0,0.06905489330050311,4.772151898734177
2024_18_MIN_DET,DET,2024,18,3.0195503,0.5119048,394.0,84,36.0,32.0,4.0,2.0,0.0,0.03594702766055152,4.690476190476191
2024_18_MIN_DET,MIN,2024,18,-19.979057,0.3625,262.0,81,48.0,16.0,0.0,0.0,0.0,-0.24665502854335455,3.234567901234568
2024_18_NO_TB,NO,2024,18,4.424502,0.5060241,292.0,83,48.0,18.0,1.0,0.0,0.0,0.05330725175788604,3.5180722891566263
2024_18_NO_TB,TB,2024,18,11.264321,0.48235294,395.0,86,40.0,26.0,3.0,1.0,0.0,0.13098048054894737,4.593023255813954
2024_18_NYG_PHI,NYG,2024,18,-5.650259,0.42647058,238.0,68,29.0,25.0,1.0,1.0,0.0,-0.08309204438153435,3.5
2024_18_NYG_PHI,PHI,2024,18,-0.38071775,0.44047618,303.0,85,43.0,24.0,2.0,0.0,0.0,-0.004479032404282514,3.5647058823529414
2024_18_SEA_LA,LA,2024,18,7.635395,0.49382716,403.0,81,46.0,20.0,2.0,1.0,0.0,0.0942641364203559,4.9753086419753085
2024_18_SEA_LA,SEA,2024,18,13.632742,0.5694444,336.0,73,30.0,24.0,4.0,0.0,0.0,0.18674988942603543,4.602739726027397
2024_18_SF_ARI,ARI,2024,18,21.243816,0.5697674,393.0,86,39.0,27.0,6.0,0.0,0.0,0.24702112064805143,4.569767441860465
2024_18_SF_ARI,SF,2024,18,-4.0789614,0.49462366,436.0,94,48.0,26.0,3.0,2.0,1.0,-0.04339320608910094,4.638297872340425
2024_18_WAS_DAL,DAL,2024,18,4.2422967,0.44,378.0,101,40.0,38.0,1.0,0.0,1.0,0.04200293758127949,3.742574257425743
2024_18_WAS_DAL,WAS,2024,18,7.4816318,0.5205479,269.0,73,41.0,15.0,3.0,0.0,0.0,0.10248810624423092,3.684931506849315
2024_19_DEN_BUF,BUF,2024,19,20.710358,0.5505618,473.0,90,34.0,39.0,3.0,0.0,0.0,0.2301150851779514,5.2555555555555555
2024_19_DEN_BUF,DEN,2024,19,-7.121871,0.49122807,224.0,57,29.0,14.0,1.0,0.0,0.0,-0.12494510516785738,3.9298245614035086
2024_19_GB_PHI,GB,2024,19,-14.968128,0.4177215,302.0,79,41.0,24.0,1.0,3.0,1.0,-0.18946997727019876,3.8227848101265822
2024_19_GB_PHI,PHI,2024,19,-1.3292274,0.37333333,290.0,76,26.0,33.0,2.0,0.0,0.0,-0.017489834835654812,3.8157894736842106
2024_19_LAC_HOU,HOU,2024,19,-8.011866,0.4494382,429.0,90,42.0,29.0,2.0,1.0,2.0,-0.0890207290649414,4.766666666666667
2024_19_LAC_HOU,LAC,2024,19,-28.460167,0.3888889,261.0,72,38.0,18.0,2.0,4.0,0.0,-0.3952800962660048,3.625
2024_19_MIN_LA,LA,2024,19,0.8335495,0.47826087,292.0,70,30.0,21.0,2.0,0.0,0.0,0.011907849993024553,4.171428571428572
2024_19_MIN_LA,MIN,2024,19,-20.13242,0.43678162,269.0,87,53.0,20.0,2.0,1.0,1.0,-0.23140712168024874,3.0919540229885056
2024_19_PIT_BAL,BAL,2024,19,17.92254,0.5280899,464.0,90,26.0,46.0,4.0,0.0,0.0,0.19913934071858724,5.155555555555556
2024_19_PIT_BAL,PIT,2024,19,4.6661634,0.40983605,280.0,61,37.0,8.0,2.0,0.0,0.0,0.07649448269703349,4.590163934426229
2024_19_WAS_TB,TB,2024,19,7.276584,0.56666666,284.0,61,26.0,21.0,2.0,0.0,1.0,0.11928826472798332,4.655737704918033
2024_19_WAS_TB,WAS,2024,19,13.124041,0.47126436,350.0,87,44.0,27.0,2.0,0.0,0.0,0.15085104142112293,4.022988505747127
2024_20_BAL_BUF,BAL,2024,20,9.064721,0.5285714,416.0,70,33.0,25.0,3.0,1.0,2.0,0.12949601582118442,5.942857142857143
2024_20_BAL_BUF,BUF,2024,20,8.504854,0.54545456,273.0,78,25.0,34.0,3.0,0.0,0.0,0.10903659233680138,3.5
2024_20_HOU_KC,HOU,2024,20,-3.2301698,0.4642857,336.0,85,43.0,24.0,1.0,0.0,0.0,-0.03800199733060949,3.9529411764705884
2024_20_HOU_KC,KC,2024,20,6.5340757,0.4090909,212.0,66,33.0,16.0,2.0,0.0,0.0,0.09900114753029564,3.212121212121212
2024_20_LA_PHI,LA,2024,20,-1.1398573,0.51648355,402.0,91,51.0,20.0,2.0,0.0,2.0,-0.012525904309618604,4.417582417582418
2024_20_LA_PHI,PHI,2024,20,5.7328033,0.45,350.0,81,32.0,30.0,3.0,0.0,0.0,0.07077534993489583,4.320987654320987
2024_20_WAS_DET,DET,2024,20,5.142662,0.5764706,521.0,85,43.0,23.0,5.0,4.0,1.0,0.060501906451056985,6.129411764705883
2024_20_WAS_DET,WAS,2024,20,23.896942,0.5531915,481.0,95,38.0,34.0,5.0,0.0,0.0,0.25154675935444076,5.063157894736842
2024_21_BUF_KC,BUF,2024,21,13.346087,0.49425286,374.0,87,40.0,33.0,4.0,0.0,0.0,0.15340330408907485,4.2988505747126435
2024_21_BUF_KC,KC,2024,21,15.064253,0.56962025,370.0,80,37.0,26.0,4.0,0.0,1.0,0.18830316066741942,4.625
2024_21_WAS_PHI,PHI,2024,21,26.171331,0.56989247,459.0,94,33.0,36.0,8.0,0.0,0.0,0.27841841920893245,4.882978723404255
2024_21_WAS_PHI,WAS,2024,21,-7.1779075,0.4631579,352.0,95,59.0,21.0,2.0,1.0,3.0,-0.07555692070408872,3.705263157894737
2024_22_KC_PHI,KC,2024,22,-18.655666,0.45070422,279.0,71,49.0,7.0,4.0,2.0,1.0,-0.2627558641030755,3.9295774647887325
2024_22_KC_PHI,PHI,2024,22,7.5918913,0.42553192,345.0,95,33.0,38.0,3.0,1.0,0.0,0.07991464514481394,3.6315789473684212
